nflId,height,weight,birthDate,collegeName,officialPosition,displayName,height_inches
25511,6-4,225,1977-08-03,Michigan,QB,Tom Brady,76.0
28963,6-5,240,1982-03-02,"Miami, O.",QB,Ben Roethlisberger,77.0
29550,6-4,328,1982-01-22,Arkansas,T,Jason Peters,76.0
29851,6-2,225,1983-12-02,California,QB,Aaron Rodgers,74.0
30078,6-2,228,1982-11-24,Harvard,QB,Ryan Fitzpatrick,74.0
30842,6-6,267,1984-05-19,UCLA,TE,Marcedes Lewis,78.0
30869,6-7,330,1981-12-12,Louisiana State,T,Andrew Whitworth,79.0
33084,6-4,217,1985-05-17,Boston College,QB,Matt Ryan,76.0
33107,6-4,315,1985-08-30,Virginia Tech,T,Duane Brown,76.0
33130,5-10,175,1986-12-01,California,WR,DeSean Jackson,70.0
33131,6-8,300,1986-09-01,Miami,DE,Calais Campbell,80.0
33138,6-3,222,1985-07-02,Michigan,QB,Chad Henne,75.0
33241,6-3,219,05/15/1986,San Diego,QB,Josh Johnson,75.0
33566,5-11,185,1985-11-02,Texas Tech,WR,Danny Amendola,71.0
34452,6-3,220,1988-02-07,Georgia,QB,Matthew Stafford,75.0
34457,6-4,330,1987-01-25,Alabama,T,Andre Smith,76.0
34465,6-0,204,1987-12-20,Ohio State,SS,Malcolm Jenkins,72.0
34472,6-4,311,1985-11-19,California,C,Alex Mack,76.0
34540,6-5,254,1987-04-07,South Carolina,TE,Jared Cook,77.0
34654,5-11,195,1987-08-13,Rutgers,FS,Jason McCourty,71.0
34777,6-3,310,1986-01-03,Troy,NT,Steve McLendon,75.0
34843,6-2,215,1985-10-13,Michigan State,QB,Brian Hoyer,74.0
35441,6-4,313,1987-01-06,Nebraska,DE,Ndamukong Suh,76.0
35442,6-4,300,1988-02-25,Oklahoma,DT,Gerald McCoy,76.0
35443,6-5,320,1988-07-19,Oklahoma,T,Trent Williams,77.0
35446,5-11,195,1989-04-14,Florida,CB,Joe Haden,71.0
35449,6-3,304,1987-05-12,California,DE,Tyson Alualu,75.0
35452,6-2,265,1988-04-03,Michigan,DE,Brandon Graham,74.0
35454,6-5,275,1989-01-01,South Florida,DE,Jason Pierre-Paul,77.0
35459,5-10,185,1988-04-10,Alabama,SS,Kareem Jackson,70.0
35462,6-5,314,1989-03-21,Iowa,T,Bryan Bulaga,77.0
35466,5-10,195,1987-08-13,Rutgers,FS,Devin McCourty,70.0
35470,6-2,254,1988-08-13,Texas Christian,DE,Jerry Hughes,74.0
35472,6-5,325,1988-06-06,Indiana,G,Rodger Saffold,77.0
35481,6-6,265,1989-05-14,Arizona,TE,Rob Gronkowski,78.0
35485,6-4,329,1988-10-10,East Carolina,NT,Linval Joseph,76.0
35493,6-6,285,1989-02-28,Florida,OLB,Carlos Dunlap,78.0
35521,5-11,180,1987-03-17,Southern Methodist,WR,Emmanuel Sanders,71.0
35522,6-3,335,1988-06-08,Kentucky,DT,Corey Peters,75.0
35527,5-11,195,1988-01-09,Citadel,WR,Andre Roberts,71.0
35534,6-7,265,1986-11-24,Miami,TE,Jimmy Graham,79.0
35539,6-3,273,1987-12-22,Southern California,DE,Everson Griffen,75.0
35562,6-4,330,1987-03-25,Louisiana State,DT,Al Woods,76.0
35634,5-10,185,07/10/1988,Central Michigan,WR,Antonio Brown,70.0
36712,6-1,210,1987-09-09,Rice,FS,Andrew Sendejo,73.0
36785,6-8,330,1985-10-27,Texas State,T,Ty Nsekhe,80.0
37075,6-3,250,1989-03-26,Texas A&amp;M,OLB,Von Miller,75.0
37077,6-4,210,1988-07-31,Georgia,WR,A.J. Green,76.0
37078,6-1,203,1990-07-11,Louisiana State,CB,Patrick Peterson,73.0
37079,6-3,220,1989-02-08,Alabama,WR,Julio Jones,75.0
37082,6-5,320,1990-12-12,Southern California,T,Tyron Smith,77.0
37083,6-4,235,1989-10-15,Missouri,QB,Blaine Gabbert,76.0
37084,6-5,288,1989-03-22,Wisconsin,DE,J.J. Watt,77.0
37087,6-4,257,1990-05-18,North Carolina,OLB,Robert Quinn,76.0
37089,6-4,265,1988-08-16,Purdue,DE,Ryan Kerrigan,76.0
37090,6-8,325,1988-04-12,Colorado,T,Nate Solder,80.0
37097,6-4,287,1989-07-10,California,DE,Cameron Jordan,76.0
37100,6-2,210,1988-07-26,Colorado,CB,Jimmy Smith,74.0
37101,5-9,215,1989-12-21,Alabama,RB,Mark Ingram,69.0
37104,6-5,295,1989-05-06,Ohio State,DT,Cameron Heyward,77.0
37110,6-2,220,1987-10-29,Texas Christian,QB,Andy Dalton,74.0
37112,6-3,268,1989-05-10,Pittsburgh,DE,Jabaal Sheard,75.0
37118,6-6,265,1989-11-09,Notre Dame,TE,Kyle Rudolph,78.0
37130,6-2,315,1989-07-12,Florida State,C,Rodney Hudson,74.0
37139,5-10,192,1990-08-22,Kentucky,WR,Randall Cobb,70.0
37145,6-3,270,1989-01-21,Georgia,OLB,Justin Houston,75.0
37174,6-4,246,1989-07-23,Mississippi State,OLB,K.J. Wright,76.0
37179,6-5,253,1988-07-17,Tennessee,TE,Luke Stocker,77.0
37200,6-0,195,1988-07-26,Eastern Washington,RB,Taiwan Jones,72.0
37213,6-6,335,1988-05-06,Texas Christian,T,Marcus Cannon,78.0
37229,6-3,195,1988-03-30,Stanford,CB,Richard Sherman,75.0
37234,6-6,265,1987-11-21,Marshall,TE,Lee Smith,78.0
37240,6-3,265,1988-12-17,Mississippi State,OLB,Pernell McPhee,75.0
37255,6-1,215,1989-08-03,Virginia Tech,QB,Tyrod Taylor,73.0
37266,6-3,295,1987-11-05,Cincinnati,C,Jason Kelce,75.0
37308,6-4,315,1990-03-17,Arizona State,DT,Lawrence Guy,76.0
37317,6-0,225,1989-07-05,Southern California,MLB,Malcolm Smith,72.0
37724,5-10,199,1989-06-18,Kansas,CB,Chris Harris,70.0
37737,6-1,210,1987-10-24,"Monmouth, N.J.",WR,Chris Hogan,73.0
37778,6-1,235,1989-08-24,Auburn,ILB,Josh Bynes,73.0
37792,6-1,250,1989-05-12,Central Michigan,LB,Nick Bellore,73.0
37841,6-3,260,1987-09-06,Troy,DE,Mario Addison,75.0
38538,6-4,207,1988-07-27,Texas A&amp;M,QB,Ryan Tannehill,76.0
38540,6-1,202,1990-09-19,South Carolina,CB,Stephon Gilmore,73.0
38542,6-4,310,1990-12-13,Mississippi State,DT,Fletcher Cox,76.0
38544,6-5,305,1990-12-21,Louisiana State,DE,Michael Brockers,77.0
38547,6-2,190,1989-10-26,Alabama,CB,Dre Kirkpatrick,74.0
38548,6-2,247,1989-04-26,South Carolina,OLB,Melvin Ingram,74.0
38551,6-5,265,1990-02-27,Syracuse,OLB,Chandler Jones,77.0
38553,6-6,305,1988-12-01,Iowa,T,Riley Reiff,78.0
38555,6-3,260,1990-03-12,Alabama,OLB,Dont'a Hightower,75.0
38556,6-4,258,1990-07-21,Illinois,DE,Whitney Mercilus,76.0
38557,6-4,315,1990-03-08,Wisconsin,G,Kevin Zeitler,76.0
38559,6-2,214,1989-02-02,Notre Dame,SS,Harrison Smith,74.0
38569,5-10,190,1988-10-29,North Alabama,CB,Janoris Jenkins,70.0
38577,6-0,242,1990-06-27,Utah State,MLB,Bobby Wagner,72.0
38578,6-0,208,1990-03-19,Illinois,SS,Tavon Wilson,72.0
38588,6-1,233,1990-01-23,Nebraska,ILB,Lavonte David,73.0
38592,5-11,192,1989-09-09,Vanderbilt,CB,Casey Hayward,71.0
38605,5-11,215,1988-11-29,Wisconsin,QB,Russell Wilson,71.0
38606,6-5,335,1989-08-19,"Miami, O.",G,Brandon Brooks,77.0
38607,6-2,248,1989-01-11,Arkansas State,ILB,Demario Davis,74.0
38613,6-2,215,1989-08-22,Rutgers,WR,Mohamed Sanu,74.0
38619,6-4,352,1989-11-16,"Regina, Can.",DT,Akiem Hicks,76.0
38622,5-10,183,1989-11-14,Florida International,WR,T.Y. Hilton,70.0
38629,6-3,308,1989-07-02,Georgia,C,Ben Jones,75.0
38630,5-10,175,1989-12-29,Miami,WR,Travis Benjamin,70.0
38632,6-3,202,1988-08-19,Michigan State,QB,Kirk Cousins,75.0
38642,6-6,325,1989-08-01,Mississippi,T,Bobby Massie,78.0
38667,6-5,290,1990-01-11,Tennessee,DT,Malik Jackson,77.0
38673,6-0,200,1987-12-15,Coastal Carolina,CB,Josh Norman,72.0
38681,6-3,300,1990-05-10,Washington,G,Senio Kelemete,75.0
38696,6-2,198,1990-03-12,California,WR,Marvin Jones,74.0
38707,6-0,200,1990-06-17,Presbyterian,FS,Justin Bethel,72.0
38718,6-0,239,1990-03-24,Kentucky,ILB,Danny Trevathan,72.0
38779,6-3,308,1989-06-08,Southern Methodist,T,Kelvin Beachum,75.0
38843,5-10,195,1990-06-23,Virginia,FS,Rodney McLeod,70.0
38868,6-1,212,1990-08-07,Wyoming,FS,Tashaun Gipson,73.0
38937,6-1,215,1988-02-17,Houston,QB,Case Keenum,73.0
38947,5-8,174,1989-04-26,Southern Methodist,WR,Cole Beasley,68.0
39008,6-1,230,1990-09-02,Wagner,OLB,Julian Stanford,73.0
39109,6-3,240,1990-07-25,Beloit,TE,Derek Carrier,75.0
39146,6-5,310,1989-04-11,Oregon State,T,Mike Remmers,77.0
39212,5-11,220,1990-01-26,Mississippi,RB,Brandon Bolden,71.0
39646,6-3,225,1991-04-13,Utah,WR,Josh Gordon,75.0
39684,6-3,305,1990-02-26,Pennsylvania,G,Greg Van Roten,75.0
39907,6-7,270,1986-04-22,California-Irvine,TE,Darren Fells,79.0
39908,6-2,220,1990-04-02,"California, Pa.",FS,Erik Harris,74.0
39941,5-10,207,1990-02-26,Southern Methodist,FS,Chris Banjo,70.0
39947,6-7,315,1991-01-05,Central Michigan,T,Eric Fisher,79.0
39950,6-6,317,1990-05-08,Oklahoma,T,Lane Johnson,78.0
39954,5-8,179,1990-03-15,West Virginia,WR,Tavon Austin,68.0
39959,6-3,294,1990-11-29,Missouri,DT,Sheldon Richardson,75.0
39960,6-2,318,1989-12-20,Utah,DT,Star Lotulelei,74.0
39965,6-5,311,1990-08-15,Syracuse,G,Justin Pugh,77.0
39968,6-0,190,1990-09-10,Washington,CB,Desmond Trufant,72.0
39971,6-1,218,1990-06-19,Florida State,CB,Xavier Rhodes,73.0
39973,6-1,212,1992-06-06,Clemson,WR,DeAndre Hopkins,73.0
39975,6-2,238,1991-03-17,Tennessee,RB,Cordarrelle Patterson,74.0
39976,6-2,235,1991-09-25,Georgia,ILB,Alec Ogletree,74.0
39983,6-5,250,1990-11-10,Stanford,TE,Zach Ertz,77.0
39984,6-0,190,1991-01-01,Mississippi State,CB,Darius Slay,72.0
39985,5-9,205,1991-11-22,North Carolina,RB,Giovani Bernard,69.0
39987,6-3,221,1990-10-10,West Virginia,QB,Geno Smith,75.0
39989,6-0,193,1992-04-10,Southern California,WR,Robert Woods,72.0
39993,6-0,246,1990-12-03,Louisiana State,ILB,Kevin Minter,72.0
39996,6-1,225,1992-02-18,Michigan State,RB,Le'Veon Bell,73.0
39997,6-3,340,1992-03-30,Ohio State,NT,Johnathan Hankins,75.0
39998,6-1,245,1991-05-05,Florida,OLB,Jon Bostic,73.0
40000,6-3,255,1989-10-20,Southern Mississippi,OLB,Jamie Collins,75.0
40001,6-8,295,1987-07-14,Southern Methodist,DT,Margus Hunt,80.0
40008,5-10,186,1988-11-01,Southeastern Louisiana,CB,Robert Alford,70.0
40011,6-5,260,1989-10-05,Cincinnati,TE,Travis Kelce,77.0
40017,5-9,190,1992-05-13,Louisiana State,SS,Tyrann Mathieu,69.0
40020,6-4,320,1991-07-10,Kent State,G,Brian Winters,76.0
40021,6-7,225,1989-12-12,North Carolina State,QB,Mike Glennon,79.0
40023,6-5,304,1991-07-23,Arkansas-Pine Bluff,T,Terron Armstead,77.0
40024,6-2,211,1992-04-27,California,WR,Keenan Allen,74.0
40026,5-9,179,1990-11-19,Texas,WR,Marquise Goodwin,69.0
40030,6-3,327,1989-07-11,Georgia,NT,John Jenkins,75.0
40031,5-11,195,1991-02-09,Rutgers,FS,Logan Ryan,71.0
40039,6-1,205,1991-01-24,Rutgers,SS,Duron Harmon,73.0
40042,6-1,336,1989-02-21,Missouri Southern,NT,Brandon Williams,73.0
40051,6-4,260,1991-02-08,Texas,DE,Alex Okafor,76.0
40070,6-4,307,1991-02-12,Cornell,C,J.C. Tretter,76.0
40074,6-6,281,1991-07-31,Michigan State,DE,William Gholston,78.0
40077,6-2,260,1990-10-14,Ohio State,DE,John Simon,74.0
40078,6-1,240,1991-04-23,Harvard,FB,Kyle Juszczyk,73.0
40089,6-5,315,1991-06-05,Virginia,G,Oday Aboushi,77.0
40092,6-1,202,1992-04-22,Oklahoma,WR,Kenny Stills,73.0
40095,6-3,263,1990-09-16,Buffalo,OLB,Steven Means,75.0
40096,6-1,240,1991-07-30,Iowa State,OLB,A.J. Klein,73.0
40107,6-0,197,1990-12-31,Iowa,FS,Micah Hyde,72.0
40124,6-5,310,1990-08-24,San Jose State,G,David Quessenberry,77.0
40129,6-3,230,1990-01-18,Central Florida,RB,Latavius Murray,75.0
40138,5-10,215,1990-07-02,Nebraska,RB,Rex Burkhead,70.0
40149,6-6,255,1990-01-11,Connecticut,TE,Ryan Griffin,78.0
40151,6-4,319,1991-05-27,Colorado State-Pueblo,C,Ryan Jensen,76.0
40166,6-0,191,1991-04-25,Oregon State,SS,Jordan Poyer,72.0
40171,6-4,309,1990-02-21,Samford,DE,Nicholas Williams,76.0
40253,6-3,249,1990-08-26,Florida,DE,Lerentee McCray,75.0
40347,6-3,328,1991-04-20,Wyoming,NT,Mike Purcell,75.0
40353,6-2,196,1989-10-02,Northern Illinois,CB,Rashaan Melvin,74.0
40416,6-4,295,1991-04-23,Alabama-Birmingham,T,Christopher Hubbard,76.0
40463,6-3,263,1991-07-02,Pennsylvania,OLB,Brandon Copeland,75.0
40488,6-2,200,1990-08-22,Minn. State-Mankato,WR,Adam Thielen,74.0
40608,6-2,293,1989-02-06,Alabama,NT,Damion Square,74.0
40615,6-7,230,1991-07-29,Wisconsin-Milwaukee,TE,Demetrius Harris,79.0
40621,6-1,215,1990-11-15,Kansas,SS,Bradley McDougald,73.0
40641,6-6,262,1990-05-05,Western Kentucky,TE,Jack Doyle,78.0
40688,6-0,191,1991-08-16,Central Florida,CB,A.J. Bouye,72.0
40825,6-3,265,1991-08-03,Idaho,OLB,Benson Mayowa,75.0
41069,6-2,300,1989-06-05,Iowa,C,James Ferentz,74.0
41222,6-9,320,1988-09-22,Army,T,Alejandro Villanueva,81.0
41227,6-5,255,1993-02-14,South Carolina,DE,Jadeveon Clowney,77.0
41230,6-1,211,1993-06-14,Clemson,WR,Sammy Watkins,73.0
41231,6-3,269,1991-02-22,Buffalo,OLB,Khalil Mack,75.0
41232,6-5,309,1992-02-11,Texas A&amp;M,T,Jake Matthews,77.0
41233,6-5,231,1993-08-21,Texas A&amp;M,WR,Mike Evans,77.0
41235,6-5,255,1992-03-18,UCLA,OLB,Anthony Barr,77.0
41236,6-4,253,1993-04-10,North Carolina,TE,Eric Ebron,76.0
41237,6-7,309,1991-07-22,Michigan,T,Taylor Lewan,79.0
41238,5-11,198,1992-11-05,Louisiana State,WR,Odell Beckham,71.0
41239,6-1,280,1991-05-23,Pittsburgh,DT,Aaron Donald,73.0
41240,5-11,194,1992-02-16,Virginia Tech,CB,Kyle Fuller,71.0
41242,6-4,315,1990-11-20,Notre Dame,G,Zack Martin,76.0
41243,6-2,250,1992-06-19,Alabama,ILB,C.J. Mosley,74.0
41246,5-10,183,1993-09-25,Oregon State,WR,Brandin Cooks,70.0
41249,6-2,252,1991-03-19,Auburn,DE,Dee Ford,74.0
41251,5-10,188,1991-06-18,Texas Christian,CB,Jason Verrett,70.0
41256,5-11,193,1991-07-18,Northern Illinois,FS,Jimmie Ward,71.0
41257,5-11,194,1992-05-01,Ohio State,CB,Bradley Roby,71.0
41258,6-2,215,1992-11-10,Louisville,QB,Teddy Bridgewater,74.0
41262,6-4,310,1991-01-01,UCLA,G,Xavier Su'a-Filo,76.0
41263,6-3,265,1992-04-28,Boise State,DE,Demarcus Lawrence,75.0
41264,6-4,320,1991-10-11,Nevada,G,Joel Bitonio,76.0
41265,6-3,210,1991-03-28,Fresno State,QB,Derek Carr,75.0
41269,6-3,250,1991-03-26,Brigham Young,OLB,Kyle Van Noy,75.0
41270,5-8,185,1990-11-27,Florida State,SS,Lamarcus Joyner,68.0
41279,6-3,252,1993-01-17,Georgia Tech,OLB,Jeremiah Attaochu,75.0
41282,6-1,215,1992-12-24,Fresno State,WR,Davante Adams,73.0
41286,6-0,229,1990-09-20,Ohio State,RB,Carlos Hyde,72.0
41290,6-2,220,1993-08-24,Penn State,WR,Allen Robinson,74.0
41291,6-2,225,1991-11-02,Eastern Illinois,QB,Jimmy Garoppolo,74.0
41292,5-11,196,1992-11-28,Louisiana State,WR,Jarvis Landry,71.0
41293,6-6,315,1991-05-29,Missouri,C,Justin Britt,78.0
41295,6-6,330,1991-03-03,Virginia,T,Morgan Moses,78.0
41296,6-5,310,1991-10-17,North Dakota State,T,Billy Turner,77.0
41300,6-2,235,1992-08-31,Iowa,OLB,Christian Kirksey,74.0
41308,5-11,205,1992-03-02,Florida State,SS,Terrence Brooks,71.0
41310,6-3,336,1991-07-12,Mississippi State,G,Gabe Jackson,75.0
41320,5-11,179,1990-04-03,Pittsburg State,WR,John Brown,71.0
41321,6-3,315,1993-06-14,Louisiana State,G,Trai Turner,75.0
41322,6-6,315,1992-01-25,Miami,G,Brandon Linder,78.0
41324,6-6,301,1990-11-15,Michigan,G,Michael Schofield,78.0
41325,5-9,205,1992-05-03,Georgia Southern,RB,Jerick McKinnon,69.0
41327,6-4,257,1992-01-22,California,TE,Richard Rodgers,76.0
41331,5-11,195,1992-01-30,Clemson,CB,Bashaud Breeland,71.0
41332,5-8,206,1992-03-15,Florida State,RB,Devonta Freeman,68.0
41336,6-2,350,1990-12-27,Louisiana Tech,DT,Justin Ellis,74.0
41338,6-0,191,1991-08-06,Duke,CB,Ross Cockrell,72.0
41341,6-4,322,1991-12-27,Penn State,DT,DaQuan Jones,76.0
41348,6-0,235,1992-06-10,Iowa,ILB,Anthony Hitchens,72.0
41349,6-6,250,1991-07-01,Virginia Tech,TE,Logan Thomas,78.0
41356,6-1,192,1990-09-08,Lindenwood,CB,Pierre Desir,73.0
41358,6-2,200,1991-12-01,North Carolina State,CB,Dontae Johnson,74.0
41359,5-10,205,1992-02-03,Wisconsin,RB,James White,70.0
41361,6-0,230,1991-10-07,Boston College,OLB,Kevin Pierre-Louis,72.0
41362,5-9,192,1991-04-23,Utah State,CB,Nevin Lawson,69.0
41363,6-7,300,1991-05-05,Virginia,DE,Brent Urban,79.0
41376,5-9,186,1991-12-18,Purdue,SS,Ricardo Allen,69.0
41387,6-2,292,1991-11-23,Princeton,DT,Caraun Reid,74.0
41390,6-3,301,1991-07-27,Ohio State,C,Corey Linsley,75.0
41403,6-3,256,1991-06-24,Southern California,OLB,Devon Kennard,75.0
41436,6-3,300,1989-10-12,Boise State,C,Matt Paradis,75.0
41448,6-0,204,1990-07-28,Ohio,CB,T.J. Carrie,72.0
41449,6-5,310,1991-02-25,Connecticut,DE,Shamar Stephen,77.0
41464,6-2,290,1991-08-11,Illinois State,DE,Shelby Harris,74.0
41475,6-3,305,1991-10-09,Boise State,T,Charles Leno,75.0
41483,5-11,190,1992-05-17,Oregon,CB,Terrance Mitchell,71.0
41500,5-11,205,1992-10-17,Ball State,WR,Willie Snead,71.0
41502,6-2,208,1990-03-05,Brigham Young,FS,Daniel Sorensen,74.0
41506,5-9,195,1992-07-12,Georgia State,WR,Albert Wilson,69.0
41532,6-5,310,1991-12-17,North Carolina,T,James Hurst,77.0
41563,6-8,328,1991-07-18,Kansas State,T,Cornelius Lucas,80.0
41595,6-4,332,1991-05-09,Colorado State-Pueblo,NT,Mike Pennel,76.0
41599,6-1,232,1991-05-06,South Carolina State,ILB,Joe Thomas,73.0
41619,6-3,316,1992-07-06,Texas,C,Trey Hopkins,75.0
41630,6-3,317,1992-05-31,Central Florida,C,Justin McCray,75.0
41665,6-3,310,1991-05-05,Clemson,G,Tyler Shatley,75.0
41667,6-6,306,1991-02-14,James Madison,T,Josh Wells,78.0
41707,6-4,325,1991-07-08,Utah State,C,Tyler Larsen,76.0
41712,5-11,224,1992-04-03,Oklahoma,RB,Damien Williams,71.0
41722,6-6,290,1991-02-17,Stanford,DE,Josh Mauro,78.0
41786,6-2,270,1991-05-02,Texas Tech,DE,Kerry Hyder,74.0
41808,6-0,240,1992-04-08,San Jose State,FB,Keith Smith,72.0
41915,6-2,250,1992-11-17,Colorado State,OLB,Shaquil Barrett,74.0
41919,6-2,334,1990-08-29,Delaware,DT,Zach Kerr,74.0
41939,6-6,325,1991-10-25,Ohio State,G,Andrew Norwell,78.0
41947,6-3,250,1991-02-18,Florida State,ILB,Christian Jones,75.0
41959,6-6,330,1992-07-07,Bloomsburg,G,Matt Feiler,78.0
42030,5-9,183,1991-07-12,Pittsburgh,CB,K'Waun Williams,69.0
42031,6-5,285,1990-07-15,Mississippi State,DE,Denico Autry,77.0
42033,6-5,245,1991-07-03,Harvard,TE,Cameron Brate,77.0
42051,5-8,170,1992-03-19,McNeese State,WR,Diontae Spencer,68.0
42116,5-11,210,1992-03-28,Texas,SS,Adrian Phillips,71.0
42302,6-6,255,1992-04-10,Canisius,TE,Chris Manhertz,78.0
42331,6-6,265,1992-04-13,No College,DE,Efe Obada,78.0
42344,6-4,231,1994-01-06,Florida State,QB,Jameis Winston,76.0
42346,6-3,255,1994-08-03,Florida,OLB,Dante Fowler,75.0
42347,6-1,211,1994-06-17,Alabama,WR,Amari Cooper,73.0
42348,6-5,315,1991-12-26,Iowa,G,Brandon Scherff,77.0
42349,6-5,302,1994-06-20,Southern California,DT,Leonard Williams,77.0
42350,6-3,216,1992-06-25,West Virginia,WR,Kevin White,75.0
42352,6-6,329,1994-04-25,Miami,G,Ereck Flowers,78.0
42354,6-0,190,1992-07-25,Michigan State,CB,Trae Waynes,72.0
42355,6-2,345,1993-08-20,Washington,NT,Danny Shelton,74.0
42356,6-7,316,1993-11-04,Stanford,G,Andrus Peat,79.0
42357,6-3,216,1993-01-20,Louisville,WR,DeVante Parker,75.0
42358,6-1,215,1993-04-13,Wisconsin,RB,Melvin Gordon,73.0
42360,6-7,292,1993-11-15,Oregon,DE,Arik Armstead,79.0
42362,6-5,313,1992-08-23,Florida State,T,Cameron Erving,77.0
42363,6-0,198,1993-05-24,Southern California,WR,Nelson Agholor,72.0
42364,6-5,310,1992-04-25,Texas A&amp;M,T,Cedric Ogbuehi,77.0
42365,6-4,269,1993-02-12,Kentucky,OLB,Bud Dupree,76.0
42367,6-5,307,1993-12-28,Florida,T,D.J. Humphries,77.0
42368,6-0,230,1994-04-21,Washington,OLB,Shaq Thompson,72.0
42370,6-0,205,1992-09-26,Connecticut,CB,Byron Jones,72.0
42371,6-3,312,1992-02-09,Duke,G,Laken Tomlinson,75.0
42372,5-10,192,1993-01-05,Miami,WR,Phillip Dorsett,70.0
42375,6-2,320,1994-02-02,Texas,DT,Malcom Brown,74.0
42376,6-0,218,1994-01-10,Alabama,SS,Landon Collins,72.0
42377,6-6,338,1993-06-23,Penn State,T,Donovan Smith,78.0
42378,6-3,280,1994-01-25,Florida State,DT,Mario Edwards,75.0
42380,6-1,199,1992-03-03,Ohio State,WR,Devin Smith,73.0
42381,6-5,265,1992-11-17,Mississippi State,OLB,Preston Smith,77.0
42382,6-3,320,1994-01-06,Florida State,NT,Eddie Goldman,75.0
42386,6-4,257,1992-11-19,Mississippi State,ILB,Benardrick McKinney,76.0
42388,6-0,232,1992-02-29,UCLA,ILB,Eric Kendricks,72.0
42389,6-1,215,1992-02-12,Samford,SS,Jaquiski Tartt,73.0
42390,6-1,205,1992-10-03,Utah,SS,Eric Rowe,73.0
42391,5-11,240,1992-12-05,Miami,ILB,Denzel Perryman,71.0
42392,6-6,305,1992-04-21,Missouri,C,Mitch Morse,78.0
42393,5-11,193,1994-01-02,Florida State,CB,Ronald Darby,71.0
42395,6-6,341,1992-09-21,Oklahoma,DE,Jordan Phillips,78.0
42397,5-9,203,1993-06-13,Nebraska,RB,Ameer Abdullah,69.0
42398,6-4,252,1994-04-12,Minnesota,TE,Maxx Williams,76.0
42400,6-8,328,1992-05-13,Wisconsin,T,Rob Havenstein,80.0
42401,6-3,260,1991-03-13,Missouri,OLB,Markus Golden,75.0
42402,6-5,315,1992-03-10,Colorado State,T,Ty Sambrailo,77.0
42403,6-5,255,1992-11-23,Nebraska,DE,Randy Gregory,77.0
42404,6-4,307,1993-04-17,Hobart,G,Ali Marpet,76.0
42406,6-3,260,1993-06-14,Michigan,DE,Frank Clark,75.0
42410,6-3,325,1991-10-03,South Carolina,G,A.J. Cann,75.0
42412,5-10,182,1992-09-28,Kansas State,WR,Tyler Lockett,70.0
42416,6-1,210,1993-04-16,Indiana,RB,Tevin Coleman,73.0
42419,6-3,205,1992-10-25,Georgia,WR,Chris Conley,75.0
42421,6-0,196,1993-06-01,Florida State,CB,P.J. Williams,72.0
42424,6-3,315,1993-08-12,Louisville,G,John Miller,75.0
42427,6-1,236,1992-06-27,Texas,ILB,Jordan Hicks,73.0
42428,6-6,250,1992-10-15,Rutgers,TE,Tyler Kroft,78.0
42429,6-1,224,1991-12-16,Northern Iowa,RB,David Johnson,73.0
42431,6-5,252,1994-10-29,Louisiana State,DE,Danielle Hunter,77.0
42433,6-5,320,1992-03-02,Iowa,NT,Carl Davis,77.0
42436,6-6,301,1991-08-03,Stanford,DE,Henry Anderson,78.0
42437,6-0,216,1993-01-22,Stanford,WR,Ty Montgomery,72.0
42441,5-11,194,1993-01-22,Oregon State,CB,Steven Nelson,71.0
42443,6-4,318,1992-11-14,Auburn,DT,Angelo Blackson,76.0
42444,6-2,265,1993-08-16,Arkansas,OLB,Trey Flowers,74.0
42445,6-6,330,1992-08-31,Oklahoma,T,Daryl Williams,78.0
42448,5-9,177,1993-06-17,Duke,WR,Jamison Crowder,69.0
42460,6-6,252,1991-08-07,Oklahoma,TE,Blake Bell,78.0
42465,6-4,272,1992-09-08,Kentucky,OLB,Za'Darius Smith,76.0
42467,6-1,227,1994-08-03,Louisiana State,OLB,Kwon Alexander,73.0
42469,5-9,221,1993-02-19,South Carolina,RB,Mike Davis,69.0
42470,6-0,243,1993-05-28,Minnesota,OLB,Damien Wilson,72.0
42471,6-4,323,1992-02-10,Miami,G,Jon Feliciano,76.0
42474,6-1,310,1993-08-28,Georgia Tech,G,Shaquille Mason,73.0
42476,6-4,309,1991-11-09,Florida,C,Max Garcia,76.0
42477,6-4,310,1992-05-03,West Virginia,G,Mark Glowinski,76.0
42480,6-0,305,1993-04-28,Clemson,DT,Grady Jarrett,72.0
42485,6-0,214,1993-04-29,Penn State,FS,Adrian Amos,72.0
42486,6-2,243,1992-03-24,Southern Illinois,TE,MyCole Pruitt,74.0
42488,5-11,192,1993-08-18,Memphis,CB,Bobby McCain,71.0
42489,6-0,191,1993-11-29,Maryland,WR,Stefon Diggs,72.0
42497,6-2,309,1992-09-03,Fresno State,DT,Tyeler Davison,74.0
42500,6-6,260,1993-01-14,Auburn,TE,C.J. Uzomah,78.0
42503,6-7,250,1994-06-04,Penn State,TE,Jesse James,79.0
42511,6-0,240,1992-02-01,Rutgers,FB,Michael Burton,72.0
42512,6-2,245,1993-08-08,Texas State,OLB,David Mayo,74.0
42516,6-4,245,1992-01-14,Illinois State,TE,James O'Shaughnessy,76.0
42535,6-1,300,01/22/1994,Arkansas,DT,Darius Philon,73.0
42543,5-9,197,1993-01-22,Texas,FS,Quandre Diggs,69.0
42547,6-6,255,1992-09-13,Georgia Tech,TE,Darren Waller,78.0
42553,6-1,298,03/10/1992,Louisiana-Lafayette,DT,Christian Ringo,73.0
42559,6-2,305,1993-10-16,Rice,NT,Christian Covington,74.0
42560,6-2,307,1993-07-03,Southern Mississippi,DT,Rakeem Nunez-Roches,74.0
42565,6-3,300,1991-11-27,South Florida,C,Austin Reiter,75.0
42569,6-5,310,1994-08-21,Florida State,T,Bobby Hart,77.0
42587,6-8,380,1993-04-13,Florida,T,Trenton Brown,80.0
42589,6-4,260,1993-09-16,Texas,TE,Geoff Swaim,76.0
42593,6-3,220,1991-12-26,Northwestern,QB,Trevor Siemian,75.0
42598,6-5,340,1991-03-08,Mars Hill,G,Denzelle Good,77.0
42654,6-4,320,1993-07-26,Louisiana State,T,La'el Collins,76.0
42667,6-2,315,1993-07-27,Louisiana-Lafayette,DT,Justin Hamilton,74.0
42718,5-10,197,1992-04-09,Purdue,RB,Raheem Mostert,70.0
42721,6-6,263,1992-04-22,Texas-El Paso,TE,Eric Tomlinson,78.0
42765,6-4,320,1992-07-22,Minn. State-Mankato,G,Chris Reed,76.0
42771,6-2,234,1993-04-06,Marshall,ILB,Neville Hewitt,74.0
42794,5-8,190,1993-04-10,Sacramento State,WR,DeAndre Carter,68.0
42810,6-4,318,1991-10-26,Kansas State,C,B.J. Finney,76.0
42816,5-11,184,1991-08-29,Oregon,CB,Troy Hill,71.0
42818,6-4,209,1992-02-17,Wisconsin-Whitewater,WR,Jake Kumerow,76.0
42826,6-1,292,1992-12-29,Clemson,DT,DeShawn Williams,73.0
42827,5-11,190,1993-03-27,Tennessee,CB,Justin Coleman,71.0
42830,6-1,202,1991-10-09,Virginia,FS,Anthony Harris,73.0
42831,6-1,210,03/15/1993,Old Dominion,QB,Taylor Heinicke,73.0
42837,5-11,222,1993-05-15,Texas,RB,Malcolm Brown,71.0
42869,6-1,254,1993-06-27,Stanford,OLB,James Vaughters,73.0
42883,6-3,300,1992-07-10,Georgia,C,David Andrews,75.0
42887,6-2,220,1993-06-08,Auburn,OLB,Brandon King,74.0
42899,5-9,180,1993-01-27,South Carolina,WR,Damiere Byrd,69.0
42901,6-1,208,1992-07-25,James Madison,SS,Dean Marlowe,73.0
42924,6-6,325,1991-09-15,Idaho,T,Jesse Davis,78.0
42929,6-2,242,1993-12-07,Montana State,OLB,Alex Singleton,74.0
42935,5-9,188,1991-10-23,Rice,CB,Bryce Callahan,69.0
42952,6-5,310,1992-06-05,Appalachian State,T,Kendall Lamm,77.0
42954,6-4,310,1992-04-23,Toledo,C,Greg Mancz,76.0
43010,5-11,195,1993-06-24,Clemson,WR,Adam Humphries,71.0
43045,6-4,330,1991-08-07,West Virginia,G,Quinton Spain,76.0
43062,6-1,240,1991-08-15,Cal Poly,ILB,Nick Dzubnar,73.0
43079,6-5,247,1992-05-26,James Madison,TE,Daniel Brown,77.0
43090,6-4,205,1992-02-12,Western Oregon,WR,Tyrell Williams,76.0
43206,6-6,248,1993-01-09,Penn State,TE,Ross Travis,78.0
43290,6-4,223,1994-10-14,California,QB,Jared Goff,76.0
43291,6-5,237,1992-12-30,North Dakota State,QB,Carson Wentz,77.0
43292,6-5,280,1995-07-11,Ohio State,OLB,Joey Bosa,77.0
43293,6-0,228,1995-07-22,Ohio State,RB,Ezekiel Elliott,72.0
43294,6-1,208,1994-10-24,Florida State,CB,Jalen Ramsey,73.0
43295,6-6,315,1994-03-18,Notre Dame,T,Ronnie Stanley,78.0
43296,6-7,300,1994-03-17,Oregon,DT,DeForest Buckner,79.0
43297,6-6,308,1994-08-17,Michigan State,T,Jack Conklin,78.0
43298,6-5,240,1992-09-08,Georgia,OLB,Leonard Floyd,77.0
43299,6-1,203,1995-08-09,Ohio State,CB,Eli Apple,73.0
43300,5-10,204,1995-06-03,Florida,CB,Vernon Hargreaves,70.0
43301,6-2,305,1994-04-02,Louisville,DT,Sheldon Rankins,74.0
43302,6-5,313,1994-08-02,Mississippi,T,Laremy Tunsil,77.0
43303,5-10,200,1993-09-08,West Virginia,SS,Karl Joseph,70.0
43306,6-1,216,1995-07-26,Florida,MLB,Keanu Neal,73.0
43307,6-4,309,1993-05-30,Alabama,C,Ryan Kelly,76.0
43308,6-3,267,1994-06-17,Clemson,DE,Shaq Lawson,75.0
43310,6-0,184,1994-04-16,Notre Dame,WR,Will Fuller,72.0
43312,6-2,215,1995-06-14,Mississippi,WR,Laquon Treadwell,74.0
43313,6-0,196,1992-10-27,Houston,CB,William Jackson,72.0
43316,6-3,314,1995-10-04,UCLA,NT,Kenny Clark,75.0
43318,6-4,296,09/19/1994,Mississippi,DT,Robert Nkemdiche,76.0
43319,6-4,330,1994-06-14,Louisiana Tech,DT,Vernon Butler,76.0
43320,6-5,325,1994-06-02,Texas A&amp;M,T,Germain Ifedi,77.0
43321,6-4,275,1993-11-06,Oklahoma State,DE,Emmanuel Ogbah,76.0
43323,6-2,245,1995-06-14,Notre Dame,MLB,Jaylon Smith,74.0
43324,6-5,250,1994-12-07,Arkansas,TE,Hunter Henry,77.0
43325,6-1,244,1995-09-03,UCLA,MLB,Myles Jack,73.0
43326,6-6,308,1994-07-03,Mississippi State,DT,Chris Jones,78.0
43327,6-1,200,1993-07-04,Baylor,CB,Xavien Howard,73.0
43329,5-10,201,1993-02-10,Oklahoma,WR,Sterling Shepard,70.0
43330,6-2,252,1993-09-23,Alabama,ILB,Reggie Ragland,74.0
43332,6-4,314,1994-05-08,Penn State,NT,Austin Johnson,76.0
43333,6-5,287,1994-05-11,Illinois,OLB,Jihad Ward,77.0
43334,6-3,247,1994-01-04,Alabama,RB,Derrick Henry,75.0
43335,6-4,330,1995-03-21,Alabama,DT,A'Shawn Robinson,76.0
43337,6-6,301,1994-05-17,Indiana,T,Jason Spriggs,78.0
43338,6-3,306,1992-12-16,Alabama,DT,Jarran Reed,75.0
43341,6-1,227,1994-11-04,Louisiana State,ILB,Deion Jones,73.0
43343,5-10,192,1993-11-12,Clemson,CB,Mackensie Alexander,70.0
43344,6-2,203,1994-11-15,Pittsburgh,WR,Tyler Boyd,74.0
43345,6-3,309,1992-07-11,Kansas State,G,Cody Whitehair,75.0
43346,6-3,215,1995-03-15,Clemson,CB,T.J. Green,75.0
43347,6-1,202,1993-10-23,Maryland,FS,Sean Davis,73.0
43350,5-11,205,1994-12-12,Ohio State,SS,Vonn Bell,71.0
43351,6-1,212,1993-08-04,Samford,CB,James Bradberry,73.0
43352,6-4,287,1992-09-23,Georgia Tech,DE,Adam Gotsis,76.0
43353,5-11,212,1993-08-17,Middle Tennessee,FS,Kevin Byard,71.0
43354,6-7,275,1993-04-12,Penn State,DE,Carl Nassib,79.0
43356,6-2,308,1995-04-08,Nebraska,DT,Maliek Collins,74.0
43358,6-2,246,1995-03-31,Maryland,DE,Yannick Ngakoue,74.0
43361,6-3,296,1993-10-22,Florida,DE,Jonathan Bullard,75.0
43362,6-1,211,1994-01-26,Alabama,RB,Kenyan Drake,73.0
43366,6-1,215,1995-02-22,West Virginia,CB,Daryl Worley,73.0
43367,6-5,308,1992-11-18,North Carolina State,G,Joe Thuney,77.0
43368,6-4,303,1993-10-29,Oregon State,G,Isaac Seumalo,76.0
43370,6-4,254,1994-10-29,Stanford,TE,Austin Hooper,76.0
43372,6-3,259,1994-07-01,Georgia,DE,Jordan Jenkins,75.0
43373,5-11,198,1995-02-13,Virginia Tech,CB,Kendall Fuller,71.0
43376,6-2,235,1993-08-20,Utah State,OLB,Nick Vigil,74.0
43377,6-5,245,1991-11-25,Utah State,OLB,Kyler Fackrell,77.0
43378,6-2,305,1993-02-07,South Carolina State,DT,Javon Hargrave,74.0
43380,6-4,235,1992-12-11,North Carolina State,QB,Jacoby Brissett,76.0
43384,6-6,310,1992-08-19,Michigan,G,Graham Glasgow,78.0
43387,6-2,202,1993-11-19,Boston College,FS,Justin Simmons,74.0
43388,6-1,245,1993-11-06,Wisconsin,ILB,Joe Schobert,73.0
43392,6-1,294,1994-07-01,Notre Dame,DT,Sheldon Day,73.0
43393,5-9,185,1994-03-14,Temple,CB,Tavon Young,69.0
43395,5-11,199,1994-01-07,Minnesota,FS,Eric Murray,71.0
43396,6-1,200,1993-06-16,Cincinnati,WR,Chris Moore,73.0
43397,5-11,190,1993-09-07,North Carolina Central,CB,Ryan Smith,71.0
43399,6-6,257,1993-01-01,Western Kentucky,TE,Tyler Higbee,78.0
43400,6-2,222,1993-05-10,Southern Utah,FS,Miles Killebrew,74.0
43402,6-2,242,1993-05-26,West Virginia,ILB,Nick Kwiatkoski,74.0
43404,6-4,232,1993-07-01,Minnesota,ILB,De'Vondre Campbell,76.0
43405,6-3,305,1994-11-02,Texas,DT,Hassan Ridgeway,75.0
43407,6-0,212,1993-08-04,North Carolina State,SS,Juston Burris,72.0
43409,6-4,300,1992-11-13,"Manitoba, Can.",DT,David Onyemata,76.0
43411,6-1,328,1995-03-06,Baylor,DT,Andrew Billings,73.0
43413,6-0,200,1993-08-14,Miami,SS,Deon Bush,72.0
43415,6-1,203,1994-09-21,Florida,WR,Demarcus Robinson,73.0
43420,6-2,237,1994-01-09,Stanford,ILB,Blake Martinez,74.0
43422,6-1,177,1995-07-23,Louisiana State,CB,Rashard Robinson,73.0
43424,6-2,238,1993-07-29,Mississippi State,QB,Dak Prescott,74.0
43425,5-11,219,1992-05-27,Utah,RB,Devontae Booker,71.0
43426,6-6,296,1994-06-09,Northwestern,DE,Dean Lowry,78.0
43429,6-2,194,1994-12-23,Massachusetts,WR,Tajae Sharpe,74.0
43433,6-4,306,1993-04-27,Missouri,C,Connor McGovern,76.0
43435,6-3,261,1992-08-15,Grand Valley State,OLB,Matt Judon,75.0
43436,6-4,291,1993-03-31,Maryland,DT,Quinton Jefferson,76.0
43439,6-0,224,1994-11-02,Indiana,RB,Jordan Howard,72.0
43441,6-3,310,1994-01-11,Temple,DT,Matt Ioannidis,75.0
43444,6-6,298,1993-03-11,North Dakota State,T,Joe Haeg,78.0
43447,6-5,324,1992-02-06,South Carolina,T,Brandon Shell,77.0
43453,6-6,320,1993-06-16,Texas Christian,G,Halapoulivaati Vaitai,78.0
43454,5-10,185,1994-03-01,West Alabama,WR,Tyreek Hill,70.0
43455,6-3,347,1994-07-01,Clemson,NT,D.J. Reader,75.0
43456,5-11,207,1994-10-27,Midwestern State,SS,Marqui Christian,71.0
43460,5-10,210,08/26/1994,Arkansas,RB,Alex Collins,70.0
43461,6-1,198,1994-10-07,Colorado State,WR,Rashard Higgins,73.0
43465,6-1,238,1993-05-23,Nebraska,FB,Andy Janovich,73.0
43474,6-0,202,1993-04-13,William &amp; Mary,FS,DeAndre Houston-Carson,72.0
43475,5-7,169,1992-10-30,Texas Tech,WR,Jakeem Grant,67.0
43478,5-11,196,1993-12-15,Purdue,CB,Anthony Brown,71.0
43484,6-5,314,1993-09-11,San Jose State,G,Wes Schweitzer,77.0
43487,6-2,234,1992-11-07,Wisconsin,FB,Derek Watt,74.0
43490,6-2,209,1992-09-05,Arkansas,QB,Brandon Allen,74.0
43495,6-1,189,1994-08-16,Southern Mississippi,WR,Mike Thomas,73.0
43497,6-2,230,1994-05-16,Eastern Illinois,ILB,Kamu Grugier-Hill,74.0
43498,6-1,193,1994-05-26,Virginia,CB,Maurice Canady,73.0
43503,6-0,238,1994-04-22,Houston,ILB,Elandon Roberts,72.0
43507,6-0,185,11/30/1993,USC,CB,Kevon Seymour,72.0
43510,6-4,305,1993-03-15,Illinois,C,Ted Karras,76.0
43516,6-5,265,1994-03-19,Vanderbilt,OLB,Stephen Weatherly,77.0
43522,6-0,191,1994-04-06,Louisiana State,CB,Jalen Mills,72.0
43525,6-1,223,1994-04-24,Washington,RB,Dwayne Washington,73.0
43533,6-4,215,1994-02-11,Clemson,FS,Jayron Kearse,76.0
43535,6-1,235,1992-12-22,Temple,MLB,Tyler Matakevich,73.0
43540,6-2,236,1992-12-11,Oregon,ILB,Joe Walker,74.0
43556,6-0,184,1994-01-12,Grambling State,WR,Chester Rogers,72.0
43584,5-8,182,1994-08-08,Holy Cross,WR,Kalif Raymond,68.0
43586,6-5,322,1992-07-19,Western Kentucky,T,George Fant,77.0
43616,5-11,209,1992-07-15,Notre Dame,FS,Matthias Farley,71.0
43638,6-3,292,1992-10-23,Ferris State,DT,Justin Zimmer,75.0
43640,6-6,313,1992-01-12,Southern Mississippi,T,Rashod Hill,78.0
43641,5-9,184,1994-03-09,Mississippi,CB,Mike Hilton,69.0
43645,6-2,210,1994-02-09,Michigan,SS,Jarrod Wilson,74.0
43648,6-5,315,1993-04-19,Cincinnati,T,Justin Murray,77.0
43663,6-0,195,1992-11-06,Wisconsin,WR,Alex Erickson,72.0
43694,6-0,340,1992-11-06,Samford,NT,Michael Pierce,72.0
43695,6-3,313,1993-02-17,Duke,C,Matt Skura,75.0
43698,6-3,315,1992-12-20,Mississippi,DT,Woodrow Hamilton,75.0
43700,5-10,190,1993-09-20,Auburn,CB,Jonathan Jones,70.0
43712,6-0,198,1991-10-14,Florida Atlantic,CB,Sharrod Neasman,72.0
43722,5-10,195,1993-08-15,Arkansas State,RB,J.D. McKissic,70.0
43746,6-3,202,1994-01-18,Illinois,WR,Geronimo Allison,75.0
43757,5-11,202,1992-10-28,Connecticut,SS,Andrew Adams,71.0
43761,5-9,158,1994-01-28,Boise State,CB,Donte Deayon,69.0
43775,6-4,263,1995-06-17,Notre Dame,OLB,Romeo Okwara,76.0
43787,6-5,294,1993-07-23,Texas-El Paso,DT,Roy Robertson-Harris,77.0
43791,6-3,275,1994-09-12,Colorado State-Pueblo,DE,Morgan Fox,75.0
43797,6-3,228,1993-11-18,Washington,OLB,Cory Littleton,75.0
43808,6-3,190,1993-05-09,Temple,WR,Robby Anderson,75.0
43821,6-4,299,1992-09-10,UCLA,C,Jake Brendel,76.0
43845,6-3,230,1993-01-30,California,TE,Stephen Anderson,75.0
43854,6-4,263,1993-07-31,Stanford,OLB,Brennan Scarlett,76.0
43861,5-11,225,1994-02-27,Auburn,RB,Peyton Barber,71.0
43880,6-2,234,1993-08-17,Idaho,RB,Elijhaa Penny,74.0
43938,6-1,318,1993-01-03,Southern California,DT,Antwaun Woods,73.0
43971,5-11,235,1993-07-22,"Augustana, S.D.",FB,C.J. Ham,71.0
43986,6-0,190,1993-01-24,South Carolina State,CB,Antonio Hamilton,72.0
44003,6-1,207,1994-08-05,Texas,WR,Marcus Johnson,73.0
44009,6-3,240,1993-08-28,Pittsburgh,TE,J.P. Holtz,75.0
44029,5-11,170,1994-04-21,Washington,WR,Jaydon Mickens,71.0
44045,5-8,207,1993-10-15,Southern Mississippi,RB,Jalen Richard,68.0
44068,6-3,313,1993-07-30,Duke,G,Lucas Patrick,75.0
44075,6-4,240,1994-03-04,Air Force,TE,Garrett Griffin,76.0
44123,6-2,215,1993-03-25,"Concordia, Minn",WR,Brandon Zylstra,74.0
44174,6-1,236,1993-02-22,Texas Tech,ILB,Sam Eguavoen,73.0
44202,6-0,200,1993-06-14,"Regina, Can.",CB,Tevaughn Campbell,72.0
44767,5-9,183,1993-12-05,Louisiana State,WR,Cyril Grayson,69.0
44792,6-5,267,1993-09-19,Virginia Commonwealth,TE,Mo Alie-Cox,77.0
44813,6-4,272,1995-12-29,Texas A&amp;M,DE,Myles Garrett,76.0
44814,6-2,215,1994-08-20,North Carolina,QB,Mitchell Trubisky,74.0
44815,6-2,280,1995-08-26,Stanford,DT,Solomon Thomas,74.0
44816,6-0,228,1995-01-18,Louisiana State,RB,Leonard Fournette,72.0
44817,6-3,209,1995-01-11,Western Michigan,WR,Corey Davis,75.0
44818,6-1,213,1995-10-17,Louisiana State,SS,Jamal Adams,73.0
44819,6-4,218,1994-10-04,Clemson,WR,Mike Williams,76.0
44820,5-11,205,1996-06-07,Stanford,RB,Christian McCaffrey,71.0
44821,5-11,194,1995-11-27,Washington,WR,John Ross,71.0
44822,6-3,230,1995-09-17,Texas Tech,QB,Patrick Mahomes,75.0
44823,6-0,192,1996-05-20,Ohio State,CB,Marshon Lattimore,72.0
44825,6-1,235,1994-09-22,Temple,OLB,Haason Reddick,73.0
44826,6-3,259,1996-06-25,Tennessee,DE,Derek Barnett,75.0
44827,6-1,212,1996-04-02,Ohio State,FS,Malik Hooker,73.0
44828,6-0,197,1996-07-08,Alabama,CB,Marlon Humphrey,72.0
44829,6-3,300,1995-01-16,Alabama,DT,Jonathan Allen,75.0
44830,5-11,185,1995-09-18,Southern California,CB,Adoree' Jackson,71.0
44831,6-6,250,1994-11-18,Alabama,TE,O.J. Howard,78.0
44832,6-5,300,1992-05-27,Utah,T,Garett Bolles,77.0
44833,6-1,245,1994-11-16,Florida,MLB,Jarrad Davis,73.0
44834,6-3,250,1995-03-06,Missouri,OLB,Charles Harris,75.0
44835,6-3,240,1994-09-02,Mississippi,TE,Evan Engram,75.0
44837,5-11,213,1995-10-04,Michigan,SS,Jabrill Peppers,71.0
44838,6-2,265,1995-11-02,UCLA,DE,Takkarist McKinley,74.0
44839,5-11,192,1995-01-16,Louisiana State,CB,Tre'Davious White,71.0
44840,6-6,270,1994-11-07,Michigan,DE,Taco Charlton,78.0
44841,6-4,246,1996-07-10,Miami,TE,David Njoku,76.0
44842,6-4,252,1994-10-11,Wisconsin,OLB,T.J. Watt,76.0
44844,6-6,314,1994-04-22,Wisconsin,T,Ryan Ramczyk,78.0
44845,6-3,200,1995-05-05,Washington,CB,Kevin King,75.0
44846,6-6,320,1995-10-09,Alabama,T,Cam Robinson,78.0
44847,6-6,299,06/20/1996,Michigan State,DT,Malik McDowell,78.0
44848,5-10,195,1996-01-10,Washington,SS,Budda Baker,70.0
44849,6-2,200,1995-03-30,East Carolina,WR,Zay Jones,74.0
44851,6-0,207,1993-03-09,Florida,FS,Marcus Maye,72.0
44852,5-11,195,1996-08-11,Ohio State,WR,Curtis Samuel,71.0
44853,5-10,210,1995-08-10,Florida State,RB,Dalvin Cook,70.0
44854,6-1,195,1996-09-08,Utah,FS,Marcus Williams,73.0
44855,6-0,181,1996-05-21,Washington,CB,Sidney Jones,72.0
44856,6-3,240,1994-06-25,South Alabama,TE,Gerald Everett,75.0
44857,6-6,257,1994-10-24,Ashland,TE,Adam Shaheen,78.0
44859,6-3,240,1995-05-23,Houston,OLB,Tyus Bowser,75.0
44860,6-1,220,1996-07-24,Oklahoma,RB,Joe Mixon,73.0
44863,6-4,280,1994-09-30,Florida State,DE,DeMarcus Walker,76.0
44865,6-0,191,12/31/1995,Florida,FS,Teez Tabor,72.0
44867,6-3,318,1994-02-28,Alabama,DT,Dalvin Tomlinson,75.0
44869,6-3,238,1994-12-02,Vanderbilt,ILB,Zach Cunningham,75.0
44870,6-6,320,1995-08-05,Louisiana State,C,Ethan Pocic,78.0
44871,6-7,289,1994-06-14,Villanova,DE,Tanoh Kpassagnon,79.0
44872,6-0,202,1995-05-24,Colorado,CB,Chidobe Awuzie,72.0
44874,6-1,215,1996-11-22,Southern California,WR,JuJu Smith-Schuster,73.0
44875,6-5,320,1994-04-26,Temple,T,Dion Dawkins,77.0
44876,6-5,325,1994-03-18,Western Michigan,T,Taylor Moton,77.0
44877,6-3,305,1994-06-03,North Carolina-Charlotte,DT,Larry Ogunjobi,75.0
44878,6-2,195,1995-03-21,Colorado,CB,Ahkello Witherspoon,74.0
44879,5-10,215,1995-07-25,Tennessee,RB,Alvin Kamara,70.0
44880,6-3,264,1995-03-02,Illinois,DE,Dawuane Smoot,75.0
44881,6-2,208,1993-06-15,Eastern Washington,WR,Cooper Kupp,74.0
44882,6-3,303,1994-07-06,Ohio State,C,Pat Elflein,75.0
44885,6-4,270,1995-05-02,Kansas State,DE,Jordan Willis,76.0
44886,6-5,300,1993-08-25,Michigan,DE,Chris Wormley,77.0
44887,6-1,230,1994-08-09,Louisiana State,ILB,Duke Riley,73.0
44888,6-3,240,1994-09-22,Florida,ILB,Alex Anzalone,75.0
44892,6-4,266,1994-03-18,Ohio,DE,Tarell Basham,76.0
44893,6-0,204,1994-04-09,UCLA,CB,Fabian Moreau,72.0
44896,6-1,209,1996-02-27,Penn State,WR,Chris Godwin,73.0
44898,5-11,216,1995-08-06,Toledo,RB,Kareem Hunt,71.0
44902,6-0,198,1995-07-20,Central Florida,CB,Shaquill Griffin,72.0
44903,6-0,209,1995-12-19,Boston College,FS,John Johnson,72.0
44904,5-10,195,1995-08-31,Michigan,CB,Jourdan Lewis,70.0
44905,6-4,304,1995-07-24,Auburn,DE,Montravius Adams,76.0
44906,5-11,188,1995-02-27,Tennessee,CB,Cameron Sutton,71.0
44908,6-4,213,1993-11-03,Northern Illinois,WR,Kenny Golladay,76.0
44911,6-2,209,1995-08-29,West Virginia,CB,Rasul Douglas,74.0
44912,6-3,248,1995-08-22,Florida International,TE,Jonnu Smith,75.0
44915,6-4,270,1994-12-05,Florida Atlantic,DE,Trey Hendrickson,76.0
44917,6-1,233,1995-05-05,Pittsburgh,RB,James Conner,73.0
44922,6-3,316,1994-07-12,Iowa,DT,Jaleel Johnson,75.0
44923,6-0,176,1993-11-21,Oklahoma,WR,Dede Westbrook,72.0
44925,6-0,202,1993-12-10,Alabama,SS,Eddie Jackson,72.0
44926,6-1,220,1994-01-25,Miami,SS,Rayshawn Jenkins,73.0
44927,5-11,240,1995-09-16,Oklahoma,RB,Samaje Perine,71.0
44930,6-3,196,1995-02-16,Texas A&amp;M,WR,Josh Reynolds,75.0
44931,6-4,221,1993-09-16,North Carolina,WR,Mack Hollins,76.0
44937,6-0,233,1995-01-31,Tennessee,OLB,Jalen Reeves-Maybin,72.0
44938,6-3,245,1995-05-09,Eastern Washington,DE,Samson Ebukam,75.0
44942,6-6,330,1995-10-21,Florida,T,David Sharpe,78.0
44943,6-7,325,1995-01-09,Bucknell,T,Julien Davenport,79.0
44944,6-5,275,1994-07-26,Arkansas,DE,Deatrich Wise,77.0
44947,6-0,213,1995-04-03,Brigham Young,RB,Jamaal Williams,72.0
44949,6-4,284,1995-03-28,Oregon State,G,Sean Harlow,76.0
44953,6-0,210,1994-10-01,Clemson,RB,Wayne Gallman,72.0
44955,6-3,297,1993-12-05,Clemson,DE,Carlos Watkins,75.0
44956,6-0,210,1996-03-07,South Florida,RB,Marlon Mack,72.0
44957,6-4,315,1993-10-20,"Albany State, Ga.",DT,Grover Stewart,76.0
44959,6-4,250,1993-10-09,Iowa,TE,George Kittle,76.0
44962,5-11,190,1993-06-05,San Diego State,SS,Damontae Kazee,71.0
44964,5-10,201,1994-12-14,Iowa,CB,Desmond King,70.0
44967,6-5,255,1994-08-10,Arkansas,TE,Jeremy Sprinkle,77.0
44968,6-0,226,1995-02-26,UCLA,ILB,Jayon Brown,72.0
44970,6-7,312,1993-09-14,Vanderbilt,T,Will Holden,79.0
44971,6-0,185,1994-06-30,Temple,CB,Nate Hairston,72.0
44972,6-4,335,1994-12-13,Texas A&amp;M,G,Jermaine Eluemunor,76.0
44974,6-1,230,1995-08-08,Northwestern,MLB,Anthony Walker,73.0
44975,5-9,205,1995-12-26,Boise State,RB,Jeremy McNichols,69.0
44976,6-0,223,1994-07-28,Boston College,OLB,Matt Milano,72.0
44978,5-10,190,1995-04-03,San Diego,WR,Jamal Agnew,70.0
44984,6-2,225,1994-05-04,Pittsburgh,QB,Nathan Peterman,74.0
44985,5-8,173,1995-04-09,Georgia,WR,Isaiah McKenzie,68.0
44987,6-5,253,1994-05-01,Drake,TE,Eric Saubert,77.0
44991,6-3,311,1994-11-11,Louisiana State,NT,Davon Godchaux,75.0
44995,5-9,208,1994-12-02,Texas-El Paso,RB,Aaron Jones,69.0
44999,6-0,205,1995-04-19,Virginia Tech,SS,Chuck Clark,72.0
45004,5-11,202,1995-07-26,Louisiana Tech,FS,Xavier Woods,71.0
45005,6-2,255,1994-05-17,West Georgia,RB,Alex Armah,74.0
45006,6-3,242,1995-01-27,Oklahoma,OLB,Jordan Evans,75.0
45007,6-3,311,1994-01-05,Oklahoma State,DT,Vincent Taylor,75.0
45008,6-1,228,1994-12-16,Boise State,ILB,Tanner Vallejo,73.0
45009,6-4,250,1995-03-28,Miami,DE,Al-Quadin Muhammad,76.0
45011,6-0,321,1995-01-19,Mississippi,DT,D.J. Jones,72.0
45012,6-4,312,1993-08-23,Wyoming,C,Chase Roullier,76.0
45020,5-10,200,1994-07-27,Houston,FS,Brandon Wilson,70.0
45021,6-0,204,1994-11-01,Auburn,SS,Rudy Ford,72.0
45030,6-4,307,1994-08-12,Chattanooga,C,Corey Levin,76.0
45033,6-3,258,1994-04-08,Northwestern,DE,Ifeadi Odenigbo,75.0
45038,6-4,280,1995-04-22,Notre Dame,DE,Isaac Rochell,76.0
45039,6-0,215,1995-01-15,East Central,WR,David Moore,72.0
45042,6-2,205,1993-10-06,Miami,FS,Adrian Colbert,74.0
45045,6-2,229,1996-02-08,Kansas State,OLB,Elijah Lee,74.0
45050,6-2,195,1996-02-09,Virginia Tech,WR,Isaiah Ford,74.0
45052,6-2,225,1996-01-06,Ohio State,WR,Noah Brown,74.0
45056,6-5,320,1994-03-04,Baylor,G,Kyle Fuller,77.0
45062,5-11,222,1994-09-16,Oklahoma State,RB,Chris Carson,71.0
45063,6-4,270,1993-11-01,Eastern Michigan,DE,Pat O'Connor,76.0
45069,6-5,260,1994-01-27,San Diego State,G,Daniel Brunskill,77.0
45094,6-4,232,1994-11-23,Oregon,TE,Johnny Mundt,76.0
45102,6-2,214,1994-12-18,Old Dominion,WR,Zach Pascal,74.0
45142,6-3,256,1994-11-22,Washington,TE,Darrell Daniels,75.0
45159,5-11,212,1995-02-26,Temple,QB,Phillip Walker,71.0
45185,6-1,203,1995-08-04,Eastern Washington,WR,Kendrick Bourne,73.0
45186,5-10,190,1995-02-28,Georgia Southern,RB,Matt Breida,70.0
45203,6-5,250,1995-02-18,Louisiana State,DE,Tashawn Bower,77.0
45215,6-1,230,1994-09-26,Cincinnati,OLB,Eric Wilson,73.0
45217,6-3,248,1995-09-05,Nebraska,TE,Cethan Carter,75.0
45223,6-0,235,1994-01-05,Illinois,ILB,Hardy Nickerson,72.0
45226,6-3,345,1994-05-02,Colorado,NT,Josh Tupou,75.0
45244,6-2,221,1990-08-23,Brigham Young,QB,Taysom Hill,74.0
45255,6-1,180,1993-12-12,Chattanooga,WR,C.J. Board,73.0
45267,6-4,212,1993-11-23,Utah,WR,Tim Patrick,76.0
45268,6-3,311,1994-05-27,Maine,FB,Patrick Ricard,75.0
45274,6-5,300,1994-04-12,Vanderbilt,DE,Adam Butler,77.0
45281,6-4,245,1993-11-18,Wyoming,TE,Jacob Hollister,76.0
45286,6-2,252,1992-09-24,Brigham Young,ILB,Harvey Langi,74.0
45287,5-9,190,1995-08-23,Valdosta State,CB,Kenny Moore,69.0
45302,5-11,188,1995-04-10,Nevada-Las Vegas,CB,Torry McTyer,71.0
45321,6-6,256,1993-05-28,"Laval, Can.",TE,Antony Auclair,78.0
45330,6-2,200,1994-06-25,Iowa,CB,Greg Mabin,74.0
45335,6-0,189,1995-07-22,Duke,CB,Breon Borders,72.0
45339,6-6,258,1994-05-04,Oregon,TE,Pharaoh Brown,78.0
45346,6-4,339,1994-07-15,Southern California,G,Jordan Simmons,76.0
45355,6-2,246,1995-02-19,Harvard,TE,Anthony Firkser,74.0
45369,6-4,210,1995-08-14,Hawaii,WR,Marcus Kemp,76.0
45395,5-10,190,1993-07-13,Memphis,CB,Arthur Maulet,70.0
45414,6-3,325,1994-06-08,UCLA,DT,Eli Ankou,75.0
45481,6-5,243,1995-03-15,Texas A&amp;M,TE,Ricky Seals-Jones,77.0
45532,6-5,260,1994-07-16,Oklahoma State,TE,Blake Jarwin,77.0
45533,6-0,231,1994-02-21,Northwestern,ILB,Joseph Jones,72.0
45536,6-3,225,1993-11-21,Central Michigan,QB,Cooper Rush,75.0
45550,6-6,329,1995-02-10,Massachusetts,T,Elijah Wilkinson,78.0
45555,6-1,194,1993-04-20,Kentucky Wesleyan,WR,Keelan Cole,73.0
45571,6-2,196,1995-01-06,Brigham Young,CB,Michael Davis,74.0
45573,5-10,200,1995-05-17,"Western State, Colo.",RB,Austin Ekeler,70.0
45594,6-4,255,1993-12-15,Temple,TE,Colin Thompson,76.0
45599,5-10,220,1994-11-02,Wisconsin,RB,Corey Clement,70.0
45607,5-11,190,1995-07-12,Houston,WR,Greg Ward,71.0
45630,6-7,317,1994-05-16,Toledo,T,Storm Norton,79.0
45635,6-5,237,1994-04-30,Indiana State,TE,Robert Tonyan,77.0
45719,5-10,205,1994-05-04,Wisconsin,RB,Dare Ogunbowale,70.0
45785,6-6,220,1995-03-15,Wisconsin-Platteville,TE,Dan Arnold,78.0
46070,6-1,215,1995-04-14,Oklahoma,QB,Baker Mayfield,73.0
46071,5-11,233,1997-02-09,Penn State,RB,Saquon Barkley,71.0
46072,6-3,225,1997-06-05,Southern California,QB,Sam Darnold,75.0
46073,5-11,191,1997-04-28,Ohio State,CB,Denzel Ward,71.0
46074,6-4,275,1996-06-24,North Carolina State,OLB,Bradley Chubb,76.0
46075,6-5,330,1996-03-19,Notre Dame,G,Quenton Nelson,77.0
46076,6-5,237,1996-05-21,Wyoming,QB,Josh Allen,77.0
46077,6-0,230,1997-04-08,Georgia,ILB,Roquan Smith,72.0
46078,6-8,315,1995-01-12,Notre Dame,T,Mike McGlinchey,80.0
46079,6-4,226,1997-02-10,UCLA,QB,Josh Rosen,76.0
46080,6-1,207,1996-11-17,Alabama,SS,Minkah Fitzpatrick,73.0
46081,6-4,347,1995-02-05,Washington,NT,Vita Vea,76.0
46082,6-3,320,1997-05-27,Alabama,DT,Daron Payne,75.0
46083,6-6,265,1996-09-04,Texas-San Antonio,DE,Marcus Davenport,78.0
46084,6-8,325,1995-10-09,UCLA,T,Kolton Miller,80.0
46085,6-5,250,1998-05-02,Virginia Tech,MLB,Tremaine Edmunds,77.0
46086,6-2,215,1996-08-03,Florida State,FS,Derwin James,74.0
46087,5-10,196,1997-02-09,Louisville,CB,Jaire Alexander,70.0
46088,6-4,256,1996-02-08,Boise State,OLB,Leighton Vander Esch,76.0
46089,6-5,311,1996-05-17,Arkansas,C,Frank Ragnow,77.0
46090,6-4,312,1994-10-11,Ohio State,C,Billy Price,76.0
46091,6-2,234,1995-11-08,Alabama,ILB,Rashaan Evans,74.0
46092,6-2,310,1995-12-09,Georgia,T,Isaiah Wynn,74.0
46093,5-11,215,1997-04-14,Maryland,WR,D.J. Moore,71.0
46094,6-4,245,1993-08-24,South Carolina,TE,Hayden Hurst,76.0
46095,6-1,190,1994-12-20,Alabama,WR,Calvin Ridley,73.0
46096,5-11,220,1996-02-02,San Diego State,RB,Rashaad Penny,71.0
46097,6-1,217,1997-01-20,Virginia Tech,SS,Terrell Edmunds,73.0
46098,6-4,291,1996-03-11,Florida,DT,Taven Bryan,76.0
46099,5-10,191,1997-02-11,Central Florida,CB,Mike Hughes,70.0
46100,5-11,215,1995-02-17,Georgia,RB,Sony Michel,71.0
46101,6-2,212,1997-01-07,Louisville,QB,Lamar Jackson,74.0
46102,6-4,305,1995-09-05,Nevada,G,Austin Corbett,76.0
46103,6-2,327,1995-09-02,Texas-El Paso,G,Will Hernandez,74.0
46104,5-11,225,1995-12-27,Georgia,RB,Nick Chubb,71.0
46105,6-2,230,1995-07-27,South Carolina State,MLB,Shaquille Leonard,74.0
46106,6-6,315,1996-03-25,Auburn,T,Braden Smith,78.0
46107,5-11,208,1997-08-03,Southern California,RB,Ronald Jones,71.0
46108,6-3,305,1997-09-13,Iowa,G,James Daniels,75.0
46109,6-4,216,1995-10-10,Southern Methodist,WR,Courtland Sutton,76.0
46110,6-2,250,1996-06-05,Boston College,OLB,Harold Landry,74.0
46111,6-6,252,1995-10-03,Penn State,TE,Mike Gesicki,78.0
46113,6-1,195,1995-10-23,Washington,WR,Dante Pettis,73.0
46116,5-11,200,1996-11-18,Texas A&amp;M,WR,Christian Kirk,71.0
46117,6-2,251,1996-12-28,Southern California,OLB,Uchenna Nwosu,74.0
46118,6-5,256,1995-01-03,South Dakota State,TE,Dallas Goedert,77.0
46119,6-5,298,1997-05-12,Texas,G,Connor Williams,77.0
46120,5-11,199,1994-10-09,Memphis,WR,Anthony Miller,71.0
46121,6-5,248,1995-07-11,Rutgers,DE,Kemoko Turay,77.0
46122,5-11,205,1995-09-16,North Carolina,SS,M.J. Stewart,71.0
46123,6-1,200,1997-02-26,Wake Forest,FS,Jessie Bates,73.0
46124,5-10,180,1995-11-08,Louisiana State,CB,Donte Jackson,70.0
46127,6-0,210,1996-09-30,Colorado,CB,Isaiah Oliver,72.0
46129,5-11,213,1996-04-02,Oklahoma State,WR,James Washington,71.0
46130,6-4,198,1996-09-23,Louisiana State,WR,D.J. Chark,76.0
46131,6-7,297,1995-09-15,Pittsburgh,T,Brian O'Neill,79.0
46132,6-1,206,1996-12-31,Auburn,CB,Carlton Davis,73.0
46133,6-3,277,1995-01-30,Ohio State,DE,Tyquan Lewis,75.0
46134,6-8,320,1995-10-21,North Carolina A&amp;T,T,Brandon Parker,80.0
46135,6-5,250,1995-12-10,Georgia,OLB,Lorenzo Carter,77.0
46137,6-1,204,1997-02-15,Stanford,SS,Justin Reid,73.0
46138,6-3,311,1995-04-20,North Carolina State,DT,B.J. Hill,75.0
46139,6-3,236,1996-11-19,Brigham Young,MLB,Fred Warner,75.0
46140,6-0,238,1996-02-24,Oregon,RB,Royce Freeman,72.0
46141,6-4,315,1993-10-09,Fort Hays State,DT,Nathan Shepherd,76.0
46142,6-2,225,1996-12-25,Ohio State,ILB,Jerome Baker,74.0
46143,6-6,315,1996-09-10,Louisville,T,Geron Christian,78.0
46144,6-1,310,1996-05-09,Florida State,DT,Derrick Nnadi,73.0
46146,6-5,265,1995-06-29,Ohio State,DE,Sam Hubbard,77.0
46148,6-4,279,1997-05-15,Southern California,DE,Rasheem Green,76.0
46150,6-1,200,1996-03-04,Colorado State,WR,Michael Gallup,73.0
46151,6-1,210,1995-02-01,Louisiana-Lafayette,FS,Tracy Walker,73.0
46152,6-8,345,1996-05-02,Oklahoma,T,Orlando Brown,80.0
46153,6-3,309,1996-08-28,North Carolina State,DT,Justin Jones,75.0
46155,6-5,255,1995-09-06,Oklahoma,TE,Mark Andrews,77.0
46156,6-5,240,1996-05-03,Louisiana State,DE,Arden Key,77.0
46157,6-3,233,1995-03-21,Vanderbilt,ILB,Oren Burks,75.0
46158,6-5,321,1995-06-19,Texas Christian,T,Joseph Noteboom,77.0
46160,6-2,210,1996-01-07,Central Florida,WR,Tre'Quan Smith,74.0
46161,6-6,320,1997-08-08,Western Michigan,T,Chukwuma Okorafor,78.0
46162,6-3,214,1997-04-18,Alabama,SS,Ronnie Harrison,75.0
46163,6-6,305,1995-01-27,Humboldt State,G,Alex Cappa,78.0
46165,6-3,307,1996-01-25,Stanford,DT,Harrison Phillips,75.0
46166,6-5,292,1996-03-28,Michigan,C,Mason Cole,77.0
46167,6-4,243,1992-04-19,Central Florida,TE,Jordan Akins,76.0
46168,6-1,190,1996-02-20,Boston College,CB,Isaac Yiadom,73.0
46169,6-1,220,1994-09-04,Clemson,OLB,Dorian O'Daniel,73.0
46170,6-3,260,1996-06-06,Indiana,TE,Ian Thomas,75.0
46171,6-5,283,1996-01-25,Ohio State,DE,Jalyn Holmes,77.0
46172,5-11,180,1997-01-14,Texas Tech,WR,Keke Coutee,71.0
46173,5-9,198,1996-11-12,North Carolina State,RB,Nyheim Hines,69.0
46175,6-1,236,1994-12-25,Iowa,ILB,Josey Jewell,73.0
46176,6-4,252,1996-02-23,Miami,TE,Christopher Herndon,76.0
46180,6-2,302,1995-10-11,Michigan State,C,Brian Allen,74.0
46183,6-3,297,1995-11-14,Alabama,DE,Da'Shawn Hand,75.0
46185,6-4,255,1997-06-10,Kansas,DE,Dorance Armstrong,76.0
46186,5-10,198,1997-03-18,Pittsburgh,SS,Jordan Whitehead,70.0
46187,5-11,178,1994-11-30,Alabama,CB,Anthony Averett,71.0
46188,6-2,216,1996-03-24,West Virginia,ILB,Kyzir White,74.0
46189,6-4,267,1996-07-08,Washington,TE,Will Dissly,76.0
46190,5-11,192,1996-07-27,Weber State,CB,Taron Johnson,71.0
46191,6-1,235,1994-11-15,UCLA,ILB,Kenny Young,73.0
46192,6-6,260,1995-08-09,Notre Dame,TE,Durham Smythe,78.0
46193,5-11,205,1996-03-19,Texas A&amp;M,SS,Armani Watts,71.0
46194,5-9,184,1996-03-31,Pittsburgh,CB,Avonte Maddox,69.0
46197,6-2,287,1996-05-08,North Carolina State,DE,Kentavius Street,74.0
46198,6-6,303,1996-01-04,North Carolina State,T,Will Richardson,78.0
46199,6-5,253,1997-03-29,Florida State,DE,Josh Sweat,77.0
46200,6-2,230,1995-12-22,Arizona State,RB,Kalen Ballage,74.0
46203,5-9,210,1996-04-13,Fordham,RB,Chase Edmonds,69.0
46204,6-4,288,1996-09-26,Stephen F. Austin,DE,John Franklin-Myers,76.0
46205,6-2,235,1993-12-16,Mississippi,DE,Marquis Haynes,74.0
46206,6-5,242,1996-07-11,Stanford,TE,Dalton Schultz,77.0
46209,6-2,291,1995-05-09,Michigan,DT,Maurice Hurst,74.0
46211,5-9,188,1996-11-11,Kansas State,CB,D.J. Reed,69.0
46212,6-2,255,1996-08-24,Purdue,ILB,Ja'Whaun Bentley,74.0
46214,6-3,313,1996-09-14,Delaware,DE,Bilal Nichols,75.0
46215,6-3,203,1995-06-02,Oklahoma State,CB,Tre Flowers,75.0
46216,6-0,244,1995-01-25,Virginia,ILB,Micah Kiser,72.0
46219,6-0,250,1995-04-26,Memphis,OLB,Genard Avery,72.0
46221,6-1,209,1995-04-27,Arizona,SS,Dane Cruikshank,73.0
46223,6-0,205,1994-08-04,Jacksonville State,CB,Siran Neal,72.0
46226,6-3,254,1995-07-30,Central Michigan,TE,Tyler Conklin,75.0
46229,6-1,253,1995-04-24,Oklahoma,OLB,Ogbonnia Okoronkwo,73.0
46230,6-0,225,1995-01-14,Maryland,MLB,Jermaine Carter,72.0
46232,6-3,308,1997-07-11,Virginia Tech,DT,Tim Settle,75.0
46235,6-4,315,1994-11-21,Virginia Tech,G,Wyatt Teller,76.0
46237,6-4,293,1996-06-04,Ohio State,T,Jamarco Jones,76.0
46238,6-1,217,1994-07-18,Mississippi,RB,Jordan Wilkins,73.0
46239,5-10,190,1995-06-26,Western Michigan,CB,Darius Phillips,70.0
46240,6-4,225,1995-03-25,Western Kentucky,QB,Mike White,76.0
46243,6-4,207,1994-10-10,South Florida,WR,Marquez Valdes-Scantling,76.0
46249,6-4,318,1995-03-04,Connecticut,DT,Folorunso Fatukasi,76.0
46250,6-3,260,1994-10-11,Utah,OLB,Kylie Fitts,75.0
46253,6-0,208,1994-06-09,Florida,OLB,Marcell Harris,72.0
46255,6-2,242,1995-12-11,Temple,DE,Jacob Martin,74.0
46256,5-9,190,1996-10-15,Clemson,WR,Ray-Ray McCloud,69.0
46259,6-1,210,1997-04-21,Texas,FS,DeShon Elliott,73.0
46263,6-0,184,1996-01-22,Louisiana State,WR,Russell Gage,72.0
46264,6-4,310,1995-03-21,Rutgers,NT,Sebastian Joseph,76.0
46265,6-0,190,1996-07-20,Central Arkansas,CB,Tremon Smith,72.0
46267,6-3,320,1997-01-03,Tennessee,G,Reginald McKenzie,75.0
46269,6-2,215,1995-08-02,Yale,ILB,Foyesade Oluokun,74.0
46270,5-6,203,1995-04-27,Louisiana Tech,RB,Boston Scott,66.0
46273,5-11,185,1994-07-23,Virginia State,RB,Trenton Cannon,71.0
46275,6-7,332,1994-12-16,Texas Christian,T,Matt Pryor,79.0
46276,6-5,214,1996-09-30,Notre Dame,WR,Equanimeous St. Brown,77.0
46277,6-5,188,1995-03-10,Boise State,WR,Cedrick Wilson,77.0
46279,5-9,190,1995-10-06,Miami,WR,Braxton Berrios,69.0
46284,6-5,317,1994-11-24,Alabama,C,Bradley Bozeman,77.0
46300,6-1,219,1996-05-10,Texas Christian,ILB,Travin Howard,73.0
46302,6-8,344,1997-03-31,No College,T,Jordan Mailata,80.0
46304,6-0,236,1996-07-02,Syracuse,OLB,Zaire Franklin,72.0
46307,6-6,290,1995-09-07,Ferris State,DT,Zach Sieler,78.0
46312,5-10,185,1996-04-17,Western Carolina,CB,Keion Crossen,70.0
46313,6-4,265,1994-12-23,Southern Methodist,OLB,Justin Lawler,76.0
46314,6-5,311,1995-12-10,Louisiana State,C,Will Clapp,77.0
46320,6-0,200,1996-04-22,Northwestern,RB,Justin Jackson,72.0
46322,6-5,228,1997-02-03,Florida State,WR,Auden Tate,77.0
46323,6-6,305,1995-05-17,Cincinnati,T,Korey Cunningham,78.0
46329,5-9,190,1995-11-17,Southern U.,CB,Danny Johnson,69.0
46331,6-5,240,1995-01-26,San Diego,TE,Ross Dwelley,77.0
46349,6-1,202,1993-11-03,Central Arkansas,FS,George Odum,73.0
46354,5-11,184,1996-03-25,Tennessee,CB,Emmanuel Moseley,71.0
46362,6-5,214,1996-01-06,Alabama,WR,Cam Sims,77.0
46367,5-8,190,1994-07-24,Colorado,RB,Phillip Lindsay,68.0
46369,6-0,207,1996-02-13,Florida State,SS,Trey Marshall,72.0
46376,6-5,285,1995-07-28,Washington,G,Coleman Shelton,77.0
46378,6-0,202,1996-01-18,Mississippi State,SS,J.T. Gray,72.0
46387,6-3,295,1995-05-23,Tennessee,DT,Kendal Vickers,75.0
46394,6-1,181,1996-06-08,Northern Illinois,WR,Christian Blake,73.0
46404,6-2,295,1994-09-01,Alabama,C,J.C. Hassenauer,74.0
46416,6-2,285,1996-07-25,UCLA,OLB,Jacob Tuioti-Mariner,74.0
46424,6-1,235,1996-03-17,Penn State,FB,Jason Cabinda,73.0
46438,6-3,315,1994-11-04,Northwestern,NT,Tyler Lancaster,75.0
46456,5-9,187,1993-03-15,Alabama-Birmingham,CB,Darious Williams,69.0
46457,6-1,248,1997-09-12,Toledo,OLB,Olasunkanmi Adeniyi,73.0
46461,5-10,205,1995-07-30,Cincinnati,RB,Mike Boone,70.0
46487,5-11,310,1995-11-19,Texas,NT,Poona Ford,71.0
46504,6-3,300,1994-01-13,Washington State,DT,Daniel Ekuale,75.0
46521,6-2,233,1995-07-27,Iowa,ILB,Ben Niemann,74.0
46522,6-1,205,1993-11-17,Kansas State,WR,Byron Pringle,73.0
46526,5-11,224,1995-04-15,Louisiana State,RB,Darrel Williams,71.0
46527,6-3,235,1996-09-19,Washington State,OLB,Frankie Luvu,75.0
46536,6-2,245,1994-09-07,Nevada-Las Vegas,FB,Johnny Stanton,74.0
46542,6-3,210,1994-12-26,Temple,WR,Keith Kirkwood,75.0
46543,6-4,280,1995-09-19,Oregon,DE,Henry Mondeaux,76.0
46544,6-4,255,1995-03-06,Western Kentucky,TE,Deon Yelder,76.0
46618,6-2,305,1995-08-18,South Carolina,DT,Taylor Stallworth,74.0
46629,6-5,307,1995-11-27,Nebraska,C,Nick Gates,77.0
46630,5-10,185,1996-02-02,Utah State,CB,Jalen Davis,70.0
46633,6-1,218,1996-03-27,Florida Atlantic,RB,Buddy Howell,73.0
46652,5-11,189,1996-08-07,Georgia State,CB,Chandon Sullivan,71.0
46657,6-0,232,1994-08-09,Sioux Falls,OLB,Dennis Gardeck,72.0
46671,6-1,219,1996-02-26,Vanderbilt,WR,Trent Sherfield,73.0
46672,5-10,205,1996-03-11,Ferris State,CB,Tavierre Thomas,70.0
46674,6-2,214,1996-06-09,Washington,ILB,Ezekiel Turner,74.0
46679,6-2,302,1996-09-16,Southern Methodist,C,Evan Brown,74.0
46680,5-10,205,1996-04-27,Temple,SS,Sean Chandler,70.0
46689,6-6,318,1994-10-05,Iowa,G,Ike Boettger,78.0
46698,6-0,179,1995-06-12,Alabama,CB,Levi Wallace,72.0
46699,6-1,193,02/20/1995,Miami,CB,Dee Delaney,73.0
46700,5-11,185,1996-03-05,Vanderbilt,CB,Tre Herndon,71.0
46705,6-5,227,1995-12-11,Iowa State,WR,Allen Lazard,77.0
46711,6-3,200,1995-12-24,Southern Illinois,SS,Ryan Neal,75.0
46729,6-2,197,1994-09-08,Virginia Tech,CB,Brandon Facyson,74.0
46755,6-5,320,1994-01-25,Grambling,T,Trenton Scott,77.0
46757,6-1,195,1996-05-16,Middle Tennessee,CB,Charvarius Ward,73.0
46772,6-2,255,1995-09-17,Miami,OLB,Trent Harris,74.0
46775,6-1,198,1995-11-17,Maryland,CB,J.C. Jackson,73.0
46778,5-11,202,1995-12-15,Mississippi,FS,A.J. Moore,71.0
46781,6-2,237,1995-12-27,Oregon State,RB,Ryan Nall,74.0
46786,6-4,275,07/16/1995,Old Dominion,DE,Bunmi Rotimi,76.0
46796,6-4,272,1995-12-30,Buffalo,DE,Demone Harris,76.0
46797,6-5,239,1994-11-12,Southern Arkansas,TE,Tanner Hudson,77.0
46798,6-0,212,09/10/1994,Northwestern,RB,Godwin Igwebuike,72.0
46807,6-0,195,1996-02-10,San Jose State,CB,Andre Chachere,72.0
46823,6-0,196,1995-08-04,Southeast Missouri,CB,Mike Ford,72.0
46825,6-0,200,1995-08-13,Nebraska,CB,Chris Jones,72.0
46836,5-9,175,1995-12-20,Texas Tech,WR,Cameron Batson,69.0
46843,6-4,250,1995-10-01,Temple,OLB,Sharif Finch,76.0
46852,6-3,312,1994-02-18,James Madison,G,Aaron Stinnie,75.0
46902,6-1,229,1995-12-14,Western Michigan,OLB,Robert Spillane,73.0
46908,5-10,195,1994-08-08,Utah State,FS,Dallin Leavitt,70.0
46915,6-6,258,1992-12-13,Southeastern Oklahoma,TE,Codey McElroy,78.0
46958,6-2,230,1995-07-23,North Dakota State,MLB,Chris Board,74.0
46992,6-2,205,1995-01-03,Prairie View,WR,KhaDarel Hodge,74.0
46998,6-2,200,1996-01-30,Illinois,WR,Malik Turner,74.0
47016,6-2,255,1991-12-24,Tennessee,ILB,A.J. Johnson,74.0
47180,6-1,200,1995-10-16,Wake Forest,QB,John Wolford,73.0
47605,5-10,208,1996-02-27,South Florida,RB,D'Ernest Johnson,70.0
47749,6-3,255,1994-12-15,Tennessee,FB,Jakob Johnson,75.0
47784,5-10,207,1997-08-07,Oklahoma,QB,Kyler Murray,70.0
47785,6-4,266,1997-10-23,Ohio State,DE,Nick Bosa,76.0
47786,6-3,303,1997-12-21,Alabama,NT,Quinnen Williams,75.0
47787,6-4,265,1997-05-17,Clemson,DE,Clelin Ferrell,76.0
47788,6-0,237,1998-02-17,Louisiana State,ILB,Devin White,72.0
47789,6-5,220,1997-05-27,Duke,QB,Daniel Jones,77.0
47790,6-5,262,1997-07-13,Kentucky,OLB,Josh Allen,77.0
47791,6-5,248,1997-07-03,Iowa,TE,T.J. Hockenson,77.0
47792,6-1,287,1997-12-12,Houston,DT,Ed Oliver,73.0
47793,5-11,233,1998-07-18,Michigan,ILB,Devin Bush,71.0
47794,6-4,305,1997-11-17,Alabama,T,Jonah Williams,76.0
47795,6-5,277,1997-12-03,Michigan,OLB,Rashan Gary,77.0
47796,6-4,315,1995-12-20,Clemson,DT,Christian Wilkins,76.0
47797,6-4,307,1997-02-08,Boston College,G,Chris Lindstrom,76.0
47799,6-5,250,1998-04-23,Florida State,DE,Brian Burns,77.0
47800,6-4,342,1997-11-12,Clemson,DE,Dexter Lawrence,76.0
47801,6-3,305,1995-06-20,North Carolina State,C,Garrett Bradbury,75.0
47802,6-4,300,1997-07-28,Mississippi State,DT,Jeffery Simmons,76.0
47803,6-4,249,1997-11-20,Iowa,TE,Noah Fant,76.0
47804,5-11,200,1997-07-30,Maryland,SS,Darnell Savage,71.0
47805,6-5,315,1995-10-03,Washington State,T,Andre Dillard,77.0
47806,6-5,322,1996-05-23,Alabama State,T,Tytus Howard,77.0
47807,5-10,220,1998-02-11,Alabama,RB,Josh Jacobs,70.0
47808,5-9,170,1997-06-04,Oklahoma,WR,Marquise Brown,69.0
47809,6-6,262,1996-09-04,Mississippi State,DE,Montez Sweat,78.0
47810,6-0,205,1996-10-25,Mississippi State,SS,Johnathan Abram,72.0
47811,6-6,295,1996-10-08,Notre Dame,DT,Jerry Tillery,78.0
47812,6-2,291,1995-09-12,Texas Christian,DE,L.J. Collier,74.0
47813,5-11,180,1997-09-04,Georgia,CB,Deandre Baker,71.0
47814,6-6,306,1995-02-22,Washington,T,Kaleb McGary,78.0
47815,6-4,225,1997-12-17,Arizona State,WR,N'Keal Harry,76.0
47816,5-11,190,1998-01-18,Washington,CB,Byron Murphy,71.0
47817,6-0,190,1996-05-23,Temple,CB,Rock Ya-Sin,72.0
47818,6-5,312,1997-11-25,Florida,T,Jawaan Taylor,77.0
47819,5-11,214,1996-01-15,South Carolina,WR,Deebo Samuel,71.0
47821,6-3,329,1996-12-28,Oklahoma,G,Cody Ford,75.0
47822,6-0,195,1997-06-19,Central Michigan,CB,Sean Murphy-Bunting,72.0
47823,6-2,200,1997-09-20,Clemson,CB,Trayvon Mullen,74.0
47824,6-5,312,1995-07-13,Kansas State,G,Dalton Risner,77.0
47825,6-4,228,1996-11-10,Missouri,QB,Drew Lock,76.0
47826,6-2,250,1996-09-28,Hawaii,MLB,Jahlani Tavai,74.0
47827,6-5,310,1995-12-26,Mississippi State,G,Elgton Jenkins,77.0
47828,6-3,212,1997-12-06,Vanderbilt,CB,Joejuan Williams,75.0
47829,6-2,184,1997-12-03,Louisiana State,CB,Greedy Williams,74.0
47830,6-2,195,1997-07-18,Utah,FS,Marquise Blair,74.0
47831,6-4,315,1997-08-27,Texas A&amp;M,C,Erik McCoy,76.0
47832,6-3,252,1996-01-19,Texas Christian,DE,Ben Banogu,75.0
47834,6-0,226,1997-06-30,Mississippi,WR,A.J. Brown,72.0
47835,6-4,259,1996-04-16,Washington,TE,Drew Sample,76.0
47836,5-11,211,1997-05-01,Penn State,RB,Miles Sanders,71.0
47837,6-2,213,1995-11-04,Kentucky,CB,Lonnie Johnson,74.0
47838,6-6,325,1996-08-10,Northern Illinois,G,Max Scharping,78.0
47839,5-10,187,1998-03-12,Georgia,WR,Mecole Hardman,70.0
47840,6-2,225,1996-12-31,Stanford,TE,J.J. Arcega-Whiteside,74.0
47842,6-0,205,1997-07-16,Ohio State,WR,Parris Campbell,72.0
47843,6-0,206,1997-05-31,Delaware,FS,Nasir Adderley,72.0
47844,6-0,208,1997-12-22,Washington,FS,Taylor Rapp,72.0
47846,6-0,205,1995-10-19,Virginia,FS,Juan Thornhill,72.0
47847,6-4,230,1997-12-14,Mississippi,WR,DK Metcalf,76.0
47848,6-4,281,1997-08-20,Boston College,DE,Zach Allen,76.0
47849,5-10,181,1996-07-05,Toledo,WR,Diontae Johnson,70.0
47852,6-5,250,1997-03-21,San Jose State,TE,Josh Oliver,77.0
47853,5-8,200,1997-08-19,Memphis,RB,Darrell Henderson,68.0
47854,6-3,281,1997-01-05,Ohio State,DE,Dre'Mont Jones,75.0
47855,6-2,245,1996-05-21,North Carolina State,OLB,Germaine Pratt,74.0
47856,5-10,222,1997-06-07,Iowa State,RB,David Montgomery,70.0
47857,5-7,203,1997-09-03,Florida Atlantic,RB,Devin Singletary,67.0
47859,6-0,210,1995-09-15,Ohio State,WR,Terry McLaurin,72.0
47860,6-3,251,1995-04-19,Michigan,DE,Chase Winovich,75.0
47861,6-6,310,1996-09-03,Wisconsin,C,Michael Deiter,78.0
47862,5-11,196,1998-02-06,Michigan,CB,David Long,71.0
47863,6-1,238,1995-06-08,Brigham Young,OLB,Sione Takitaki,73.0
47864,6-1,207,1995-12-19,Boston College,SS,Will Harris,73.0
47865,6-3,316,1996-09-23,North Carolina-Charlotte,G,Nate Davis,75.0
47866,6-2,192,1998-01-12,Michigan State,CB,Justin Layne,74.0
47867,6-0,324,1996-08-09,Western Illinois,DT,Khalen Saunders,72.0
47868,6-5,275,1995-12-14,Louisiana Tech,OLB,Jaylon Ferguson,77.0
47870,5-11,215,1997-02-11,Alabama,RB,Damien Harris,71.0
47871,6-2,237,1996-11-13,Utah,MLB,Cody Barton,74.0
47872,6-1,234,1996-07-29,Stanford,MLB,Bobby Okereke,73.0
47873,6-5,308,1997-11-03,Penn State,G,Connor McGovern,77.0
47874,6-6,307,1996-09-05,Sioux Falls,T,Trey Pipkins,78.0
47875,6-3,308,1997-05-25,Southern California,T,Chuma Edoga,75.0
47876,6-4,220,1996-10-12,Notre Dame,WR,Miles Boykin,76.0
47877,6-1,206,1996-10-15,Auburn,CB,Jamel Dean,73.0
47878,6-4,250,1996-12-07,Old Dominion,OLB,Oshane Ximines,76.0
47879,6-4,254,1996-11-14,Mississippi,TE,Dawson Knox,76.0
47880,6-4,312,1997-03-24,Oklahoma,G,Bobby Evans,76.0
47881,5-11,226,1996-08-28,Murray State,OLB,Quincy Williams,71.0
47882,5-10,200,1996-05-18,Kentucky,FS,Mike Edwards,70.0
47884,6-5,310,1996-02-21,West Virginia,T,Yodny Cajuste,77.0
47885,5-11,220,1998-06-19,Boise State,RB,Alexander Mattison,71.0
47888,5-11,208,1997-12-20,Florida,SS,Chauncey Gardner-Johnson,71.0
47889,6-5,255,1997-08-22,Eastern Michigan,DE,Maxx Crosby,77.0
47890,6-7,272,1997-03-04,Iowa,OLB,Anthony Nelson,79.0
47891,5-11,193,1998-03-19,Notre Dame,SS,Julian Love,71.0
47892,5-11,215,1996-05-07,Michigan State,SS,Khari Willis,71.0
47899,5-11,210,1998-06-14,Iowa,FS,Amani Hooker,71.0
47900,6-6,261,1996-11-12,Clemson,OLB,Austin Bryant,78.0
47902,6-0,196,1996-11-06,Miami,FS,Sheldrick Redwine,72.0
47904,6-3,267,1995-09-12,West Virginia,TE,Trevon Wesco,75.0
47905,5-10,223,1998-02-27,Kentucky,RB,Benny Snell,70.0
47906,6-4,310,1996-10-29,Oklahoma,G,Ben Powers,76.0
47911,6-0,209,1997-04-30,Memphis,RB,Tony Pollard,72.0
47913,6-2,234,1995-08-15,Notre Dame,ILB,Drue Tranquill,74.0
47914,6-3,316,1996-05-09,Indiana,G,Wes Martin,75.0
47915,5-9,201,1997-05-16,Oregon,FS,Ugochukwu Amadi,69.0
47917,6-1,312,1996-05-06,Washington,NT,Greg Gaines,73.0
47919,6-6,315,1998-01-25,Ohio State,G,Michael Jordan,78.0
47920,6-4,250,1997-05-06,Louisiana State,TE,Foster Moreau,76.0
47922,6-1,196,1997-02-11,Alabama,SS,Deionte Thompson,73.0
47924,6-8,265,1996-09-10,Michigan,TE,Zach Gentry,80.0
47929,6-2,203,1996-02-09,Penn State,CB,Amani Oruwariye,74.0
47931,6-0,225,1997-05-25,Arkansas,OLB,Dre Greenlaw,72.0
47932,5-10,185,1995-12-21,Clemson,WR,Hunter Renfrow,70.0
47933,6-3,288,1996-09-26,Texas A&amp;M,DE,Kingsley Keke,75.0
47934,6-4,242,1995-07-01,Wisconsin,OLB,Andrew Van Ginkel,76.0
47938,6-1,240,1998-02-14,Alabama,OLB,Mack Wilson,73.0
47939,6-5,248,1996-01-15,Oregon,OLB,Justin Hollins,77.0
47940,6-1,235,1996-05-10,Minnesota,ILB,Blake Cashman,73.0
47944,6-5,280,1997-08-20,Texas,DE,Charles Omenihu,77.0
47947,6-4,230,1995-06-01,Tarleton State,OLB,E.J. Speed,76.0
47948,6-4,275,1996-12-20,Miami,DE,Joe Jackson,76.0
47952,6-6,308,1997-03-20,Wisconsin,G,David Edwards,78.0
47954,6-1,190,1997-01-12,Auburn,WR,Darius Slayton,73.0
47956,6-1,240,1996-07-30,North Carolina,OLB,Cole Holcomb,73.0
47959,6-5,252,1997-04-24,Stanford,TE,Kaden Smith,77.0
47964,5-10,190,1995-11-13,Miami,FS,Jaquan Johnson,70.0
47965,5-8,206,1997-10-18,Texas A&amp;M,RB,Trayveon Williams,68.0
47969,5-10,210,1997-09-17,Maryland,RB,Ty Johnson,70.0
47970,6-3,215,1996-09-04,Colorado,WR,Juwann Winfree,75.0
47971,5-11,224,1996-10-12,West Virginia,ILB,David Long,71.0
47973,6-5,295,1996-07-22,Arkansas,NT,Armon Watts,77.0
47974,6-0,191,1996-01-27,Wyoming,SS,Marcus Epps,72.0
47975,6-3,295,1996-08-24,Alabama,DE,Isaiah Buggs,75.0
47976,6-5,323,1997-02-14,Elon,T,Olisaemeka Udoh,77.0
47978,5-11,185,1995-12-10,Central Michigan,CB,Xavier Crawford,71.0
47984,5-11,188,1997-02-17,South Carolina,CB,Rashad Fenton,71.0
47985,6-7,305,1997-07-29,Ohio State,T,Isaiah Prince,79.0
47987,5-10,202,1998-08-07,Miami,RB,Travis Homer,70.0
47988,5-8,183,1996-10-08,Kansas State,CB,Duke Shelley,68.0
47991,5-11,174,1997-07-31,Bowling Green,WR,Scott Miller,71.0
47995,6-6,324,1996-08-07,South Carolina,G,Dennis Daley,78.0
47996,6-0,204,1995-02-21,Texas A&amp;M,SS,Donovan Wilson,72.0
48000,5-11,201,1996-09-12,Texas,CB,Kris Boyd,71.0
48008,6-6,253,1997-04-04,North Carolina A&amp;T,DE,Darryl Johnson,78.0
48009,6-1,240,1995-12-31,Texas Christian,ILB,Ty Summers,73.0
48011,6-5,251,1995-07-01,Boston College,TE,Tommy Sweeney,77.0
48017,5-10,200,1997-02-15,Washington,RB,Myles Gaskin,70.0
48026,5-11,200,1995-05-17,Penn State,SS,Nick Scott,71.0
48027,6-3,240,1995-06-10,Idaho,OLB,Kaden Elliss,75.0
48032,6-3,284,1996-05-05,Temple,DE,Michael Dogbe,75.0
48034,6-1,232,1995-11-02,Texas Tech,OLB,Dakota Allen,73.0
48053,6-0,180,1997-01-16,East Central,WR,Trinity Benson,72.0
48085,6-7,326,1997-06-05,Florida,T,Fred Johnson,79.0
48089,6-2,235,1996-08-05,Nevada,OLB,Malik Reed,74.0
48094,6-5,300,1996-03-25,Texas,T,Calvin Anderson,77.0
48096,6-3,255,1996-05-15,Texas,TE,Andrew Beck,75.0
48097,6-2,200,1996-11-09,North Carolina State,WR,Jakobi Meyers,74.0
48117,6-2,209,1996-09-04,Arizona,MLB,Demetrius Flannigan-Fowles,74.0
48118,6-1,215,1997-05-15,Malone,WR,Ashton Dulin,73.0
48119,5-8,180,1996-07-05,Georgia State,WR,Penny Hart,68.0
48123,6-1,285,1997-03-01,Penn State,DT,Kevin Givens,73.0
48137,6-0,200,1995-07-31,Purdue,QB,David Blough,72.0
48145,6-3,255,1996-10-24,Boston College,DE,Wyatt Ray,75.0
48158,6-5,314,1995-09-08,Notre Dame,G,Alex Bars,77.0
48159,6-2,311,1996-08-13,Notre Dame,C,Sam Mustipher,74.0
48181,6-7,314,1996-01-02,Virginia Tech,T,Yosuah Nijman,79.0
48198,6-3,366,1995-10-20,Michigan,NT,Bryan Mone,75.0
48207,6-0,233,1996-07-01,Vanderbilt,FB,Khari Blasingame,72.0
48220,6-4,308,1997-08-13,California,G,Patrick Mekari,76.0
48233,6-1,242,1996-07-09,Wisconsin,FB,Alec Ingold,73.0
48234,6-4,206,1997-10-22,Texas Tech,WR,Antoine Wesley,76.0
48235,6-4,300,1997-05-02,UCLA,C,Andre James,76.0
48241,5-10,200,1997-06-22,South Carolina,CB,Keisean Nixon,70.0
48247,6-6,255,1997-08-11,Old Dominion,DE,Tim Ward,78.0
48268,6-2,228,1997-08-04,Florida Atlantic,MLB,Azeez Al-Shaair,74.0
48318,6-0,225,1996-10-02,Nebraska,RB,Devine Ozigbo,72.0
48364,6-2,230,1996-10-09,Illinois,OLB,Del'Shawn Phillips,74.0
48374,5-8,193,1997-07-23,Virginia,WR,Olamide Zaccheaus,68.0
48415,5-6,170,1997-12-04,Assumption,WR,Deonte Harty,66.0
48447,5-10,202,1997-02-12,Texas,FS,P.J. Locke,70.0
48454,5-11,195,1995-12-15,Mississippi,FS,C.J. Moore,71.0
48455,6-7,299,1995-12-19,Iowa,T,Matt Nelson,79.0
48456,6-8,237,1997-08-16,Stetson University,TE,Donald Parham,80.0
48462,6-4,285,1996-08-05,Texas-San Antonio,DE,Kevin Strong,76.0
48471,6-2,207,1995-12-10,Stanford,WR,Trenton Irwin,74.0
48472,6-0,205,1995-08-17,California,RB,Patrick Laird,72.0
48473,6-4,280,1997-09-12,Georgia,DE,Jonathan Ledbetter,76.0
48475,6-5,255,1995-10-06,Temple,TE,Chris Myarick,77.0
48476,6-0,193,1996-11-04,Texas-El Paso,CB,Nik Needham,72.0
48480,6-5,218,1997-03-27,Colorado State,WR,Preston Williams,77.0
48482,6-0,237,1998-06-25,Texas A&amp;M,MLB,Tyrel Dodson,72.0
48485,6-5,310,1996-01-11,Northwestern,G,Blake Hance,77.0
48487,5-9,185,1997-04-13,Buffalo,CB,Cameron Lewis,69.0
48489,6-3,210,1996-05-29,West Virginia,WR,David Sills,75.0
48508,6-0,209,1996-12-05,Wyoming,FS,Andrew Wingard,72.0
48512,6-4,300,1997-02-14,Penn State,C,Ryan Bates,76.0
48513,6-4,334,1998-07-10,Stanford,G,Nate Herbig,76.0
48516,6-1,240,1996-08-12,Wisconsin,ILB,T.J. Edwards,73.0
48520,6-5,350,1996-09-01,Alabama-Birmingham,DT,Anthony Rush,77.0
48524,6-0,190,1995-05-31,Coastal Carolina,CB,Anthony Chesley,72.0
48530,6-0,205,1996-09-07,Nebraska,WR,Stanley Morgan,72.0
48537,6-5,261,1996-12-18,Wyoming,DE,Carl Granderson,77.0
48541,6-4,225,1998-04-19,Texas,WR,Lil'Jordan Humphrey,76.0
48544,6-3,300,1995-10-20,Tennessee,DT,Shy Tuttle,75.0
48554,6-1,225,1996-11-16,Michigan State,OLB,Andrew Dowell,73.0
48555,6-3,245,1995-08-28,Nebraska,OLB,Luke Gifford,75.0
48556,6-1,212,1997-06-07,North Texas,WR,Jalen Guyton,73.0
48565,6-4,197,1997-07-10,Kentucky,CB,Chris Westry,76.0
48566,6-3,279,01/16/1996,Kansas,DE,Daniel Wise,75.0
48581,6-0,205,1997-05-12,Tulane,CB,Roderic Teamer,72.0
48599,6-3,305,1997-06-27,Clemson,DT,Albert Huggins,75.0
48601,6-1,193,1996-01-08,Oklahoma State,WR,Tyron Johnson,73.0
48624,6-2,216,1995-12-21,Ferris State,WR,Malik Taylor,74.0
48657,6-1,195,1997-04-21,Boston College,WR,Jeff Smith,73.0
48663,6-4,280,1998-02-06,Oklahoma,DE,Amani Bledsoe,76.0
48671,6-3,250,1995-11-15,Sam Houston State,OLB,Derick Roberson,75.0
48678,5-11,190,1997-06-02,North Texas,CB,Kemon Hall,71.0
48680,5-10,194,1996-07-29,Bryant,WR,Tom Kennedy,70.0
48683,6-6,230,1995-12-07,Valdosta State,TE,Joe Fortson,78.0
48685,6-1,235,1997-08-13,Citadel,OLB,Noah Dawkins,73.0
48700,6-3,237,1997-02-27,Princeton,TE,Jesper Horsted,75.0
48723,6-3,261,1995-05-26,Iowa,TE,Parker Hesse,75.0
48766,6-6,260,1995-11-10,Missouri,TE,Kendall Blanton,78.0
48780,6-3,245,1994-09-13,Delaware,ILB,Troy Reeder,75.0
48988,6-0,190,1996-11-26,Bemidji State,WR,Gunner Olszewski,72.0
49410,5-11,190,1998-07-18,Washington State,FS,Jalen Thompson,71.0
49476,5-10,212,1994-12-13,Louisiana-Monroe,RB,Derrick Gore,70.0
50756,6-2,202,1999-01-08,West Virginia,FS,Kenny Robinson,74.0
50963,6-3,234,1997-01-07,Florida State,RB,Jacques Patrick,75.0
52409,6-4,216,1996-12-10,Louisiana State,QB,Joe Burrow,76.0
52410,6-5,265,1999-04-14,Ohio State,DE,Chase Young,77.0
52411,6-1,200,1999-02-02,Ohio State,CB,Jeff Okudah,73.0
52412,6-5,326,1999-01-22,Georgia,T,Andrew Thomas,77.0
52413,6-1,218,1998-03-02,Alabama,QB,Tua Tagovailoa,73.0
52414,6-6,237,1998-03-10,Oregon,QB,Justin Herbert,78.0
52415,6-5,318,1998-04-15,Auburn,DT,Derrick Brown,77.0
52416,6-3,225,1998-07-26,Clemson,ILB,Isaiah Simmons,75.0
52417,6-1,191,1998-09-30,Florida,CB,C.J. Henderson,73.0
52418,6-5,320,1999-05-17,Alabama,T,Jedrick Wills,77.0
52419,6-7,355,1999-04-18,Louisville,T,Mekhi Becton,79.0
52420,6-0,190,1999-01-24,Alabama,WR,Henry Ruggs,72.0
52421,6-5,322,1999-01-24,Iowa,T,Tristan Wirfs,77.0
52422,6-6,310,1997-10-03,South Carolina,DT,Javon Kinlaw,78.0
52423,6-1,192,1999-04-24,Alabama,WR,Jerry Jeudy,73.0
52424,6-2,190,1998-09-23,Clemson,CB,A.J. Terrell,74.0
52425,6-2,189,1999-04-08,Oklahoma,WR,CeeDee Lamb,74.0
52426,6-6,310,1999-08-11,Southern California,T,Austin Jackson,78.0
52427,6-0,195,,Ohio State,CB,Damon Arnette,72.0
52428,6-4,250,1999-07-25,Louisiana State,OLB,K'Lavon Chaisson,76.0
52429,5-11,195,1999-01-02,Texas Christian,WR,Jalen Reagor,71.0
52430,6-3,192,,Louisiana State,WR,Justin Jefferson,75.0
52431,6-3,234,1998-11-16,Oklahoma,ILB,Kenneth Murray,75.0
52432,6-3,319,1999-06-14,Michigan,G,Cesar Ruiz,75.0
52433,6-1,206,1998-03-17,Arizona State,WR,Brandon Aiyuk,73.0
52434,6-4,220,1998-11-02,Utah State,QB,Jordan Love,76.0
52435,6-1,245,1997-10-21,Texas Tech,OLB,Jordyn Brooks,73.0
52436,6-1,227,1999-08-13,Louisiana State,MLB,Patrick Queen,73.0
52438,5-11,196,1999-11-27,Auburn,CB,Noah Igbinoghene,71.0
52440,5-8,209,1999-04-11,Louisiana State,RB,Clyde Edwards-Helaire,68.0
52441,6-4,210,1999-01-18,Clemson,WR,Tee Higgins,76.0
52442,6-4,220,1997-10-05,Southern California,WR,Michael Pittman,76.0
52443,5-10,211,1999-01-14,Georgia,RB,D'Andre Swift,70.0
52444,6-1,197,1998-08-08,"Alabama-Tuscaloosa, University",FS,Xavier McKinney,73.0
52445,6-2,216,1996-03-22,Lenoir-Rhyne,FS,Kyle Dugger,74.0
52446,6-5,264,1998-02-26,Penn State,DE,Yetur Gross-Matos,77.0
52447,6-5,322,1996-08-25,Louisiana-Lafayette,G,Robert Hunt,77.0
52448,6-4,305,1998-07-09,Texas Christian,DT,Ross Blacklock,76.0
52449,5-11,221,1999-01-19,Wisconsin,RB,Jonathan Taylor,71.0
52450,6-2,220,1998-10-05,Colorado,WR,Laviska Shenault,74.0
52451,6-6,258,1999-03-10,Notre Dame,TE,Cole Kmet,78.0
52452,6-3,203,1998-09-20,,SS,Grant Delpit,75.0
52453,5-9,205,1998-08-16,Minnesota,FS,Antoine Winfield,69.0
52454,5-9,176,1999-07-08,Penn State,WR,K.J. Hamler,69.0
52455,6-3,279,1998-05-11,Auburn,DT,Marlon Davidson,75.0
52456,6-3,253,1997-03-24,Tennessee,DE,Darrell Taylor,75.0
52457,6-4,227,1998-07-07,Notre Dame,WR,Chase Claypool,76.0
52458,6-0,195,1999-04-19,Utah,CB,Jaylon Johnson,72.0
52459,6-2,207,,Alabama,CB,Trevon Diggs,74.0
52461,6-2,218,1998-08-07,Oklahoma,QB,Jalen Hurts,74.0
52462,6-5,280,1998-09-15,Iowa,DE,A.J. Epenesa,77.0
52464,6-7,310,,Alabama,NT,Raekwon Davis,79.0
52465,6-2,197,1996-07-26,Florida,WR,Van Jefferson,74.0
52466,6-6,310,1998-05-08,Boise State,G,Ezra Cleveland,78.0
52467,6-3,208,1997-10-10,Baylor,WR,Denzel Mims,75.0
52468,6-2,250,1998-09-18,Michigan,OLB,Josh Uche,74.0
52469,6-0,200,1998-09-03,Louisiana State,CB,Kristian Fulton,72.0
52470,6-1,250,1998-05-02,Boston College,RB,A.J. Dillon,73.0
52471,6-2,235,1998-02-15,Mississippi State,OLB,Willie Gay,74.0
52472,6-3,212,1998-02-26,Southern Illinois,FS,Jeremy Chinn,75.0
52473,6-2,250,1996-07-08,Wyoming,ILB,Logan Wilson,74.0
52474,6-2,221,1998-06-23,Memphis,RB,Antonio Gibson,74.0
52475,6-5,241,1997-12-27,Notre Dame,OLB,Julian Okwara,77.0
52476,6-1,200,1996-10-10,California,SS,Ashtyn Davis,73.0
52477,6-3,332,1997-03-21,Louisiana State,G,Damien Lewis,75.0
52478,6-0,205,1998-04-02,Texas,SS,Brandon Jones,72.0
52479,6-3,300,1997-11-17,Texas A&amp;M,DT,Justin Madubuike,75.0
52480,6-7,310,1997-06-22,Houston,G,Josh Jones,79.0
52481,6-4,310,1997-02-01,Ohio State,DT,Davon Hamilton,76.0
52482,6-3,235,1996-12-30,Wisconsin,OLB,Zack Baun,75.0
52483,6-4,305,1997-02-05,Ohio State,G,Jonah Jackson,76.0
52484,5-10,215,1997-05-04,Vanderbilt,RB,Ke'Shawn Vaughn,70.0
52486,6-4,290,1997-11-17,Temple,C,Matt Hennessy,76.0
52487,6-3,264,1997-08-14,Florida,DE,Jabari Zuniga,75.0
52489,6-3,215,1998-11-13,South Carolina,WR,Bryan Edwards,75.0
52491,6-4,315,1997-11-22,Louisiana State,C,Lloyd Cushenberry,76.0
52492,6-5,252,1998-08-25,Alabama,OLB,Terrell Lewis,77.0
52493,6-1,204,1998-08-24,Utah,FS,Julian Blackmon,73.0
52494,5-10,215,1997-12-15,Utah,RB,Zack Moss,70.0
52496,6-4,315,1997-11-23,Missouri,DT,Jordan Elliott,76.0
52497,6-2,185,1998-09-03,Mississippi State,CB,Cameron Dantzler,74.0
52498,6-3,259,1997-05-25,Florida,DE,Jonathan Greenard,75.0
52500,5-11,210,1997-09-12,Texas,WR,Devin Duvernay,71.0
52501,5-11,200,1998-07-09,Appalachian State,RB,Darrynton Evans,71.0
52502,6-3,240,1997-02-14,Cincinnati,TE,Josiah Deguara,75.0
52503,6-3,300,1997-09-25,Arkansas,DE,McTelvin Agim,75.0
52504,6-7,328,,,T,Lucas Niang,79.0
52506,6-3,245,1998-03-05,Ohio State,OLB,Malik Harrison,75.0
52507,6-7,303,1997-06-11,Connecticut,T,Matt Peart,79.0
52510,6-4,242,1997-08-07,North Carolina-Charlotte,OLB,Alex Highsmith,76.0
52511,6-2,225,1998-08-05,Colorado,OLB,Davion Taylor,74.0
52512,6-0,198,1997-08-18,Utah,FS,Terrell Burgess,72.0
52513,6-6,253,1997-02-05,Dayton,TE,Adam Trautman,78.0
52514,6-5,345,1997-01-29,Mississippi State,G,Tyre Phillips,77.0
52515,6-2,215,1997-09-21,Appalachian State,ILB,Akeem Davis-Gaither,74.0
52516,6-4,295,1999-07-26,Louisiana State,T,Saahdiq Charles,76.0
52517,6-4,330,1997-08-19,Clemson,G,John Simpson,76.0
52518,5-10,198,1998-06-23,UCLA,CB,Darnay Holmes,70.0
52519,6-4,335,1997-07-31,Georgia,G,Solomon Kindley,76.0
52520,5-11,219,1997-11-20,UCLA,RB,Joshua Kelley,71.0
52522,6-5,335,1998-08-23,Utah,DT,Leki Fotu,77.0
52523,6-5,240,1998-04-23,Florida Atlantic,TE,Harrison Bryant,77.0
52524,6-6,305,1998-07-22,"St. John's, Minn.",T,Ben Bartch,78.0
52525,6-5,260,1997-10-31,South Carolina,DE,D.J. Wonnum,77.0
52526,6-5,255,1998-04-25,Missouri,TE,Albert Okwuegbunam,77.0
52527,6-3,219,1997-08-28,Fresno State,ILB,Mykal Walker,75.0
52528,5-11,220,1998-01-30,Florida,RB,La'Mical Perine,71.0
52530,6-6,227,1997-11-17,Washington,QB,Jacob Eason,78.0
52532,5-9,198,1998-03-04,Maryland,RB,Anthony McFarland,69.0
52534,6-8,315,1996-11-20,North Carolina,T,Charlie Heck,80.0
52535,5-11,208,1997-07-25,Clemson,SS,K'Von Wallace,71.0
52536,6-3,213,1999-03-01,Central Florida,WR,Gabe Davis,75.0
52538,6-4,295,1999-01-20,Baylor,NT,James Lynch,76.0
52539,6-2,308,,Louisiana State,NT,Rashard Lawrence,74.0
52541,6-7,251,1999-01-08,Stanford,TE,Colby Parkinson,79.0
52542,6-2,210,1997-08-25,California,FS,Jaylinn Hawkins,74.0
52543,6-4,321,1996-09-18,Louisiana-Lafayette,G,Kevin Dotson,76.0
52545,5-10,175,1999-04-05,Michigan State,CB,Josiah Scott,70.0
52546,6-1,193,1997-01-21,Louisiana Tech,CB,L'Jarius Sneed,73.0
52547,5-9,183,1998-07-06,Louisiana Tech,CB,Amik Robertson,69.0
52548,6-1,235,1997-10-28,Miami,MLB,Shaquille Quarterman,73.0
52549,5-10,181,1996-05-15,Penn State,CB,John Reid,70.0
52550,6-4,220,1998-04-11,Liberty,WR,Antonio Gandy-Golden,76.0
52551,6-4,325,1998-02-20,Michigan,G,Ben Bredeson,76.0
52552,5-10,214,1998-09-16,Miami,RB,DeeJay Dallas,70.0
52553,6-5,296,1997-04-01,Auburn,T,Jack Driscoll,77.0
52554,6-3,320,1997-11-20,Wisconsin,C,Tyler Biadasz,75.0
52555,6-4,265,1998-04-28,Notre Dame,DE,Khalid Kareem,76.0
52556,6-4,260,1998-06-02,Syracuse,DE,Alton Robinson,76.0
52557,6-4,300,1996-06-19,Ball State,G,Danny Pinter,76.0
52558,6-4,317,1997-05-12,Oregon,G,Shane Lemieux,76.0
52563,6-4,268,1997-06-13,Tulsa,OLB,Trevis Gipson,76.0
52564,6-3,310,1998-07-25,San Diego State,C,Keith Ismael,75.0
52565,5-11,209,1998-07-01,Auburn,SS,Daniel Thomas,71.0
52566,6-1,201,,,CB,Bryce Hall,73.0
52569,6-2,205,1998-08-25,Minnesota,WR,Tyler Johnson,74.0
52570,6-0,220,1997-12-06,Michigan,MLB,Khaleke Hudson,72.0
52571,5-11,190,1997-12-11,Georgia Southern,CB,Kindle Vildor,71.0
52573,6-6,215,1997-09-23,Texas,WR,Collin Johnson,78.0
52574,6-1,205,1998-04-01,Wisconsin,WR,Quintez Cephus,73.0
52578,6-3,305,1996-12-04,Texas Tech,DT,Broderick Washington,75.0
52581,5-11,172,1997-10-29,Tulane,WR,Darnell Mooney,71.0
52582,6-3,291,1997-04-24,North Carolina State,DT,Larrell Murchison,75.0
52584,6-0,200,1997-06-10,Miami,WR,K.J. Osborn,72.0
52585,6-2,255,,Michigan,DE,Michael Danna,74.0
52586,6-3,235,1996-08-21,,ILB,Justin Strnad,75.0
52587,6-3,265,,Utah,DE,Bradlee Anae,75.0
52589,6-3,307,1999-03-27,Fresno State,G,Netane Muti,75.0
52590,6-3,350,1997-12-10,Michigan,G,Michael Onwenu,75.0
52591,6-5,233,1998-04-01,Penn State,OLB,Cam Brown,77.0
52592,6-1,333,,Baylor,DT,Bravvion Roy,73.0
52594,5-11,202,1997-09-17,Notre Dame,SS,Alohi Gilman,71.0
52595,6-2,208,1999-02-19,Michigan,WR,Donovan Peoples-Jones,74.0
52598,6-5,245,1997-10-16,Georgia,TE,Charlie Woerner,77.0
52600,6-5,321,1997-08-08,Michigan,G,Jon Runyan,77.0
52602,6-2,315,1996-08-22,Nebraska,DT,Khalil Davis,74.0
52603,6-5,290,1995-11-27,Wake Forest,T,Justin Herron,77.0
52604,6-1,230,1997-04-08,Temple,ILB,Shaun Bradley,73.0
52605,6-2,333,1997-05-31,Utah,NT,John Penisini,74.0
52607,6-2,205,1998-03-04,Ohio State,SS,Jordan Fuller,74.0
52608,6-2,190,1998-06-09,Southern Mississippi,WR,Quez Watkins,74.0
52609,6-0,193,1996-09-20,Southern Methodist,WR,James Proche,72.0
52614,6-4,250,1997-04-02,Georgia Tech,TE,Tyler Davis,76.0
52619,5-10,170,1998-01-07,Massachusetts,CB,Isaiah Rodgers,70.0
52622,6-0,199,1998-08-04,Florida,WR,Freddie Swain,72.0
52623,6-1,240,1997-03-07,Purdue,ILB,Markus Bailey,73.0
52624,6-2,203,,Arkansas,FS,Kamren Curl,74.0
52625,6-3,214,1997-07-10,Tennessee,WR,Jauan Jennings,75.0
52626,6-4,245,,Minnesota,ILB,Carter Coughlin,76.0
52627,5-11,210,1999-04-19,Iowa,SS,Geno Stone,71.0
52628,6-0,197,1997-09-15,Ohio State,WR,K.J. Hill,72.0
52629,6-2,184,1998-06-04,Florida International,CB,Stantley Thomas-Oliver,74.0
52631,6-0,176,,Memphis,CB,Chris Claybrooks,72.0
52633,6-4,250,1997-07-22,,DE,Kenny Willekes,76.0
52635,6-5,315,,,G,Lachavious Simmons,77.0
52637,6-3,265,,North Carolina State,DE,James Smith-Williams,75.0
52640,6-2,320,1996-08-22,Nebraska,DT,Carlos Davis,74.0
52641,6-4,247,1996-08-22,Stanford,DE,Casey Toohill,76.0
52642,6-1,232,1996-08-08,Baylor,MLB,Clay Johnston,73.0
52643,6-3,285,,,DE,Jashon Cornell,75.0
52645,6-1,200,1997-11-09,Tulane,CB,Thakarius Keyes,73.0
52647,5-11,185,1996-11-29,Pittsburgh,CB,Dane Jackson,71.0
52649,6-1,230,1997-01-20,Temple,MLB,Chapelle Russell,73.0
52650,6-4,250,1999-07-28,Miami,OLB,Jonathan Garvin,76.0
52651,6-0,186,1998-04-13,Marshall,CB,Chris Jackson,72.0
52655,6-0,205,1997-05-19,Minnesota,CB,Chris Williamson,72.0
52660,6-2,205,1997-09-20,Florida,WR,Tyrie Cleveland,74.0
52662,6-5,246,,North Dakota State,OLB,Derrek Tuszka,77.0
52663,6-3,235,1997-03-12,Georgia,ILB,Tae Crowder,75.0
52665,6-3,290,1998-06-09,Texas,DT,Malcolm Roach,75.0
52666,6-5,318,1996-08-16,Oregon,T,Calvin Throckmorton,77.0
52673,6-4,245,1996-11-07,South Florida,TE,Mitchell Wilcox,76.0
52697,6-2,185,1996-09-16,Florida Atlantic,CB,James Pierre,74.0
52708,5-9,205,1996-09-12,Baylor,RB,Jamycal Hasty,69.0
52725,6-3,250,1996-09-01,North Dakota State,TE,Ben Ellefson,75.0
52733,5-10,220,1998-08-09,Illinois State,RB,James Robinson,70.0
52750,5-9,175,1998-07-12,Southern Mississippi,WR,DeMichael Harris,69.0
52759,6-2,305,1998-06-16,Wagner,DT,Chris Williams,74.0
52762,5-11,225,1997-11-24,Notre Dame,RB,Tony Jones,71.0
52766,6-0,195,1997-02-19,Wake Forest,WR,Kendall Hinton,72.0
52783,6-7,330,1998-05-21,Missouri,G,Yasir Durant,79.0
52792,6-4,255,1998-06-25,Missouri S&amp;T,DT,Tershawn Wharton,76.0
52793,6-3,210,1998-11-28,,WR,Cody White,75.0
52797,6-2,235,1998-02-26,Michigan State,OLB,Joe Bachie,74.0
52805,6-4,275,1996-09-27,Northwestern,DE,Joe Gaziano,76.0
52810,6-3,243,1997-11-05,Florida State,FB,Gabe Nabers,75.0
52829,6-2,295,1996-10-15,Louisiana State,NT,Breiden Fehoko,74.0
52830,6-4,270,1998-01-30,Texas-San Antonio,DT,Eric Banks,76.0
52835,6-4,310,1997-10-05,Brown,DT,Michael Hoecht,76.0
52846,6-5,275,1995-08-17,Weber State,DE,Jonah Williams,77.0
52852,5-11,211,1997-08-05,Mississippi,FS,Myles Hartsfield,71.0
52858,6-3,240,1996-10-16,Western Michigan,FB,Giovanni Ricci,75.0
52859,5-11,210,1996-02-28,,RB,Rodney Smith,71.0
52863,6-1,235,1998-04-02,UCLA,ILB,Krys Barnes,73.0
52864,5-11,204,1997-01-03,Baylor,SS,Henry Black,71.0
52878,6-3,202,1997-02-25,Penn State,WR,Dan Chisena,75.0
52886,6-3,225,1997-02-14,Baylor,OLB,Blake Lynch,75.0
52887,6-3,296,1996-06-14,Boise State,DT,David Moa,75.0
52894,6-4,315,1998-03-23,Missouri,C,Trystan Colon,76.0
52895,6-1,205,1998-02-03,Utah,QB,Tyler Huntley,73.0
52912,6-0,210,1998-07-07,Notre Dame,DB,Jalen Elliott,72.0
52913,6-4,205,1998-04-25,Norfolk State,FS,Bobby Price,76.0
52922,5-11,196,1998-12-29,Washington,RB,Salvon Ahmed,71.0
52932,6-3,260,1998-01-18,North Texas,OLB,Ladarius Hamilton,75.0
52938,6-6,310,1997-06-04,Texas Tech,T,Terence Steele,78.0
52939,6-3,210,1996-02-02,Temple,SS,Sam Franklin,75.0
52942,6-4,231,1996-09-13,Oregon,TE,Juwan Johnson,76.0
52945,5-11,185,1995-07-16,Arizona,CB,Jace Whittaker,71.0
52962,6-4,248,1996-11-21,Maryland,TE,Tyler Mabry,76.0
52971,6-3,255,,,OLB,Jamir Jones,75.0
52972,5-8,211,1997-10-06,Mississippi,RB,Scottie Phillips,68.0
52979,6-3,275,1997-06-12,Mississippi State,OLB,Chauncey Rivers,75.0
52980,5-11,188,1998-07-19,Fresno State,FS,Juju Hughes,71.0
52991,5-8,180,1998-01-02,Washington,CB,Myles Bryant,68.0
53000,5-6,185,1998-01-04,Arizona,RB,J.J. Taylor,66.0
53018,6-1,185,1998-06-09,Oklahoma State,CB,A.J. Green,73.0
53039,6-4,235,,,DE,Azur Kamara,76.0
53051,5-10,190,1998-08-06,Utah,CB,Javelin Guidry,70.0
53053,6-3,255,1998-04-17,Memphis,DE,Bryce Huff,75.0
53059,6-3,239,1998-05-24,Iowa,MLB,Kristian Welch,75.0
53063,6-3,270,1997-10-28,Texas State,C,Aaron Brewer,75.0
53065,6-5,255,1997-02-22,Arizona State,TE,Tommy Hudson,77.0
53073,6-3,290,1997-02-28,Florida International,DT,Teair Tart,75.0
53074,6-3,215,1997-03-21,Indiana,WR,Nick Westbrook-Ikhine,75.0
53079,6-1,255,1997-08-20,Toledo,FB,Reggie Gilliam,73.0
53091,5-11,208,1996-05-17,Oregon State,RB,Artavis Pierce,71.0
53098,6-2,204,1998-03-27,Tennessee,WR,Marquez Callaway,74.0
53172,6-3,235,1997-06-03,Indiana State,TE,Dominique Dafney,75.0
53180,6-0,220,,,RB,Ty'Son Williams,72.0
53315,6-4,245,,,OLB,Aaron Patrick,76.0
53430,6-6,220,,,QB,Trevor Lawrence,78.0
53431,6-2,208,,,QB,Zach Wilson,74.0
53432,6-4,226,,,QB,Trey Lance,76.0
53433,6-6,250,,,TE,Kyle Pitts,78.0
53434,6-1,200,,,WR,Ja'Marr Chase,73.0
53435,5-10,182,,,WR,Jaylen Waddle,70.0
53436,6-6,325,,,T,Penei Sewell,78.0
53437,6-1,200,,,CB,Jaycee Horn,73.0
53438,6-2,203,,,CB,Patrick Surtain,74.0
53439,6-1,165,,,WR,DeVonta Smith,73.0
53440,6-3,223,,,QB,Justin Fields,75.0
53441,6-3,245,,,OLB,Micah Parsons,75.0
53442,6-3,305,,,T,Rashawn Slater,75.0
53443,6-4,310,,,G,Alijah Vera-Tucker,76.0
53444,6-3,214,,,QB,Mac Jones,75.0
53445,6-4,260,,,ILB,Zaven Collins,76.0
53446,6-5,305,,,T,Alex Leatherwood,77.0
53447,6-5,266,,,OLB,Jaelan Phillips,77.0
53448,6-4,234,,,MLB,Jamin Davis,76.0
53449,6-0,193,,,WR,Kadarius Toney,72.0
53450,6-3,265,,,DE,Kwity Paye,75.0
53451,6-2,207,,,CB,Caleb Farley,74.0
53452,6-5,314,,,T,Christian Darrisaw,77.0
53453,6-2,230,,,RB,Najee Harris,74.0
53455,6-1,188,,,CB,Greg Newsome,73.0
53456,6-2,210,,,WR,Rashod Bateman,74.0
53457,6-6,270,,,DE,Payton Turner,78.0
53458,6-1,190,,,CB,Eric Stokes,73.0
53459,6-7,253,,,DE,Gregory Rousseau,79.0
53460,6-5,252,,,OLB,Odafe Oweh,77.0
53461,6-5,262,,,OLB,Joe Tryon,77.0
53462,6-2,185,,,CB,Tyson Campbell,74.0
53463,5-9,184,,,WR,Elijah Moore,69.0
53464,5-10,220,,,RB,Javonte Williams,70.0
53465,6-1,196,,,FS,Jevon Holland,73.0
53466,6-6,325,,,G,Landon Dickerson,78.0
53467,6-5,310,,,DT,Christian Barmore,77.0
53469,6-0,194,,,SS,Richie Grant,72.0
53470,6-3,293,,,DE,Levi Onwuzurike,75.0
53471,6-6,308,,,T,Liam Eichenberg,78.0
53472,6-2,202,,,FS,Trevon Moehrig,74.0
53473,6-1,195,,,CB,Kelvin Joseph,73.0
53475,6-5,345,,,G,Jackson Carman,77.0
53476,5-10,180,,,CB,Asante Samuel,70.0
53478,5-9,180,,,WR,Rondale Moore,69.0
53479,6-2,250,,,OLB,Azeez Ojulari,74.0
53480,6-5,295,,,T,Samuel Cosmi,77.0
53481,6-1,215,,,OLB,Jeremiah Owusu-Koramoah,73.0
53482,6-6,299,,,T,Dillon Radunz,78.0
53483,6-6,280,,,DE,Dayo Odeyingbo,78.0
53484,6-5,258,,,TE,Pat Freiermuth,77.0
53485,5-9,190,,,WR,D'Wayne Eskridge,69.0
53487,6-0,232,,,ILB,Nick Bolton,72.0
53488,6-4,200,,,WR,Terrace Marshall,76.0
53489,6-3,242,,,OLB,Pete Werner,75.0
53490,6-4,273,,,DE,Carlos Basham,76.0
53491,6-5,312,,,C,Josh Myers,77.0
53492,6-5,316,,,C,Creed Humphrey,77.0
53494,6-0,203,,,SS,Andre Cisco,72.0
53496,6-4,225,,,QB,Davis Mills,76.0
53497,6-5,320,,,G,Jalen Mayfield,77.0
53499,6-6,297,,,T,Brady Christensen,78.0
53500,6-0,193,,,CB,Aaron Robinson,72.0
53501,6-2,315,,,NT,Alim McNeill,74.0
53502,6-4,278,,,DT,Milton Williams,76.0
53503,6-3,205,,,CB,Benjamin St-Juste,75.0
53504,6-2,280,,,DT,Osa Odighizuwa,74.0
53505,6-0,193,,,CB,Paulson Adebo,72.0
53506,6-2,210,,,WR,Josh Palmer,74.0
53509,6-3,223,,,OLB,Divine Deablo,75.0
53510,6-5,253,,,TE,Hunter Long,77.0
53511,6-1,185,,,WR,Dyami Brown,73.0
53512,6-4,248,,,TE,Tommy Tremble,76.0
53513,6-5,270,,,DE,Chauncey Golston,77.0
53514,5-10,215,,,WR,Amari Rodgers,70.0
53516,6-3,310,,,C,Kendrick Green,75.0
53517,6-1,215,,,RB,Trey Sermon,73.0
53518,6-4,222,,,WR,Nico Collins,76.0
53520,6-0,179,,,WR,Anthony Schwartz,72.0
53521,6-1,233,,,ILB,Monty Rice,73.0
53522,6-9,321,,,T,Spencer Brown,81.0
53523,6-7,344,,,G,Ben Cleveland,79.0
53524,6-5,295,,,T,Robert Hainsey,77.0
53526,6-5,245,,,TE,Tre' McKitty,77.0
53527,6-3,320,,,G,Quinn Meinerz,75.0
53528,6-0,188,,,CB,Nahshon Wright,72.0
53529,5-10,190,,,CB,Elijah Molden,70.0
53530,6-3,213,,,CB,Ifeatu Melifonwu,75.0
53531,6-0,182,,,CB,Ambry Thomas,72.0
53532,6-2,230,,,ILB,Ernest Jones,74.0
53533,6-0,206,,,FS,Brandon Stephens,72.0
53534,6-3,240,,,ILB,Baron Browning,75.0
53535,6-3,305,,,DT,Jay Tufele,75.0
53536,5-10,200,,,RB,Michael Carter,70.0
53537,6-0,190,,,CB,Darren Hall,72.0
53539,6-5,310,,,T,James Hudson,77.0
53540,6-3,280,,,DE,Cameron Sample,75.0
53541,6-1,195,,,WR,Amon-Ra St. Brown,73.0
53542,6-1,245,,,ILB,Derrick Barnes,73.0
53543,6-3,300,,,C,Drew Dalman,75.0
53544,6-3,233,,,MLB,Jabril Cox,75.0
53546,6-4,325,,,NT,Bobby Brown,76.0
53547,6-4,235,,,OLB,Chris Rumph,76.0
53549,6-0,246,,,RB,Rhamondre Stevenson,72.0
53553,6-6,256,,,TE,John Bates,78.0
53554,6-1,195,,,FS,Camryn Bynum,73.0
53555,6-1,207,,,RB,Chuba Hubbard,73.0
53556,6-3,235,,,TE,Kylen Granson,75.0
53557,6-5,315,,,T,Dan Moore,77.0
53558,5-9,174,,,WR,Jaelon Darden,69.0
53559,6-2,195,,,CB,Robert Rochell,74.0
53560,6-0,190,,,WR,Tylan Wallace,72.0
53564,6-5,270,,,OLB,Rashad Weaver,77.0
53565,5-11,191,,,CB,Marco Wilson,71.0
53566,5-10,186,,,DB,Tre Brown,70.0
53570,6-5,211,,,TE,Jacob Harris,77.0
53571,6-5,305,,,T,Royce Newman,77.0
53572,6-0,210,,,SS,Tyree Gillespie,72.0
53573,6-7,265,,,DE,Joshua Kaindoh,79.0
53574,6-6,258,,,TE,Luke Farrell,78.0
53575,6-1,220,,,ILB,Jamien Sherwood,73.0
53576,6-3,245,,,TE,Brevin Jordan,75.0
53577,6-4,285,,,DE,Ta'Quon Graham,76.0
53579,5-11,191,,,RB,Kenneth Gainwell,71.0
53580,6-6,332,,,T,Larry Borom,78.0
53581,6-1,205,,,FS,Caden Sterns,73.0
53583,5-10,190,,,CB,Michael Carter,70.0
53584,6-5,315,,,T,Jaylon Moore,77.0
53585,6-7,293,,,DE,Isaiahh Loudermilk,79.0
53586,6-1,179,,,WR,Ihmir Smith-Marsette,73.0
53587,6-3,305,,,DT,Daviyon Nixon,75.0
53590,6-8,315,,,T,Tommy Doyle,80.0
53591,6-4,240,,,TE,Noah Gray,76.0
53595,6-3,195,,,CB,Keith Taylor,75.0
53596,6-0,195,,,CB,Nate Hobbs,72.0
53598,5-11,192,,,FS,Richard LeCounte,71.0
53599,6-2,230,,,OLB,Garret Wallow,74.0
53600,6-3,258,,,OLB,Daelin Hayes,75.0
53601,5-11,202,,,CB,Deommodore Lenoir,71.0
53602,6-5,340,,,DT,Tedarrell Slaton,77.0
53605,6-0,228,,,ILB,K.J. Britt,72.0
53607,5-11,190,,,CB,Shemar Jean-Charles,71.0
53609,6-1,215,,,SS,Talanoa Hufanga,73.0
53611,6-4,268,,,OLB,Adetokunbo Ogundeji,76.0
53612,5-9,195,,,RB,Avery Williams,69.0
53614,6-4,235,,,ILB,Nick Niemann,76.0
53615,6-4,215,,,ILB,Hamsah Nasirildeen,76.0
53618,6-3,305,,,DT,Marlon Tuipulotu,75.0
53619,6-3,330,,,C,Trey Hill,75.0
53620,6-2,260,,,DE,Tarron Jackson,74.0
53621,6-5,355,,,DT,Quinton Bohanna,77.0
53623,5-11,221,,,RB,Elijah Mitchell,71.0
53624,6-2,318,,,DT,Roy Lopez,74.0
53625,6-1,218,,,RB,Gary Brightwell,73.0
53627,5-10,210,,,RB,Larry Rountree,70.0
53629,5-11,178,,,CB,Brandin Echols,71.0
53630,6-0,190,,,CB,Rodarius Williams,72.0
53631,5-11,216,,,RB,Chris Evans,71.0
53633,5-10,190,,,WR,Shi Smith,70.0
53634,6-3,224,,,WR,Racey McMath,75.0
53635,6-7,305,,,T,Landon Young,79.0
53636,6-3,317,,,DT,Jonathan Marshall,75.0
53639,6-3,265,,,OLB,Victor Dimukeje,75.0
53640,5-9,185,,,RB,Demetric Felton,69.0
53641,6-1,195,,,SS,Damar Hamlin,73.0
53645,6-3,232,,,OLB,Quincy Roche,75.0
53646,5-9,212,,,RB,Khalil Herbert,69.0
53652,6-2,185,,,CB,Tay Gowan,74.0
53655,6-6,325,,,G,Trey Smith,78.0
53656,6-4,205,,,SS,Israel Mukuamu,76.0
53658,6-5,205,,,WR,Mike Strachan,77.0
53662,5-10,205,,,RB,Jake Funk,70.0
53663,6-2,251,,,ILB,Patrick Johnson,74.0
53668,6-4,257,,,OLB,Jonathon Cooper,76.0
53670,6-1,200,,,FS,Mark Webb,73.0
53674,6-0,180,,,FS,Tre Norwood,72.0
53675,6-3,252,,,DE,Shaka Toney,75.0
53678,6-3,220,,,WR,Ben Skowronek,75.0
53679,6-4,340,,,NT,Khyiris Tonga,76.0
53681,6-4,245,,,LB,Chris Garrett,76.0
53685,5-11,215,,,RB,Kylin Hill,71.0
53686,5-10,209,,,RB,Jermar Jefferson,70.0
53687,6-1,190,,,WR,Dax Milne,73.0
53688,6-1,225,,,ILB,Grant Stuard,73.0
53711,6-0,193,,,CB,Isaiah Dunn,72.0
53724,6-4,234,,,TE,Matt Bushman,76.0
53740,6-3,300,,,DT,Josiah Bronson,75.0
53819,5-8,178,,,FS,Ar'Darius Washington,68.0
53854,6-1,190,,,CB,Nick McCloud,73.0
53861,6-5,330,,,G,Robert Jones,77.0
53868,6-6,315,,,T,Alaric Jackson,78.0
53876,6-3,270,,,DE,Raymond Johnson,75.0
53896,6-0,244,,,TE,Tory Carter,72.0
53900,6-4,340,,,DT,Naquan Jones,76.0
53910,6-2,275,,,OLB,Sam Kamara,74.0
53921,6-1,235,,,ILB,Amen Ogbongbemiga,73.0
53930,6-3,249,,,OLB,Andre Mintze,75.0
53933,6-3,240,,,ILB,Curtis Robinson,75.0
53935,6-2,245,,,DE,Darius Hodge,74.0
53946,6-4,260,,,TE,Jack Stoll,76.0
53953,5-11,198,,,CB,Jerry Jacobs,71.0
53954,6-5,319,,,G,Tommy Kraemer,77.0
53957,5-11,178,,,CB,A.J. Parker,71.0
53959,6-4,255,,,TE,Brock Wright,76.0
53960,5-9,195,,,RB,Jaret Patterson,69.0
53978,6-3,295,,,DT,Austin Faoliu,75.0
53991,6-1,320,,,DT,Forrest Merrill,73.0
53994,6-5,300,,,C,Ryan McCollum,77.0
53999,6-4,312,,,DT,Jack Heflin,76.0
54006,6-6,330,,,T,Jake Curhan,78.0
54038,6-6,245,,,QB,Feleipe Franks,78.0
